ejecutar_por_paleta	run_by_palette
listado_de	listing_of
keymap_dialogo_de_preset	preset_dialog_keymap
ajustes_de_prueba	test_settings
columnas_por_defecto	default_columns
en_vuelo	in_flight
app_de_prueba	test_app
al_confirmar	on_confirm
por_la_paleta	by_palette
vistas_de_dialogos	dialog_views
app_de_prueba_con	test_app_with
pintar_en	paint_at
arbol_con_plugins	tree_with_plugins
falso_con_plan	fake_with_plan
linea_de_ruta	path_line
solo_con_consulta	only_with_query
efecto_de	effect_of
fila_de	row_of
host_con_capas	host_with_layers
SinPrograma	NoProgram
ajustes_por_defecto	default_settings
separar_los_paneles	separate_the_panes
aviso_de_imagen	image_notice
LuaDeCapa	LayerLua
SinAnillo	NoRing
a_deshacer	to_undo
con_raiz	with_root
arbol_con_hallazgos	tree_with_findings
cambio_de_banners	banner_change
tecla_de	key_for
ErrorDeArranque	StartupError
ancho_de	width_of
columnas_de	columns_of
de_nodo	for_node
hueco_de_kind	slot_of_kind
verbo_de_dialogo	dialog_verb
decir_con	say_with
puesta_en	placed_in
arbol_de	tree_of
arbol_de_prueba	test_tree
clase_por_nombre	class_by_name
con_lineas	with_lines
estilo_de_entrada	entry_style
host_con_backend_y_registro	host_with_backend_and_log
host_con_registro	host_with_log
pedira_el_secreto	will_ask_for_secret
abrir_al_crear	open_on_create
clave_de_io	io_key
cursor_del_tablero	board_cursor
dir_de_escritura	write_dir
fallo_la_task	task_failed
formato_de_nombre	name_format
identidad_de	identity_of
sin_escritorio	without_desktop
TRAIDAS_POR_LISTA	BROUGHT_BY_LIST
arbol_de_arranque	startup_tree
barra_en_columna	bar_in_column
celdas_del_par	pair_cells
con_salida	with_output
favoritos_del_sidebar	sidebar_favorites
ia_en_vuelo	ai_in_flight
marcas_a_restaurar	marks_to_restore
mover_en_ficha	move_in_card
nota_de_descartes	discard_note
parche_de_ayuda	help_patch
parche_filas_de	patch_rows_of
programa_del_daemon	daemon_program
visor_en_vuelo	viewer_in_flight
aplicar_disposicion_con	apply_layout_with
app_con_arbol	app_with_tree
arbol_con_ramas	tree_with_branches
aviso_de_daemon	daemon_notice
con_cromo	with_chrome
con_filas	with_rows
contenido_de_hueco	slot_content
cursor_a_restaurar	cursor_to_restore
decir_de_ia	ai_say
detalle_de_task	task_detail
entrar_en_docs	enter_docs
errores_de_carga	load_errors
falso_con_arbol	fake_with_tree
falso_con_sesion	fake_with_session
fila_o_cero	row_or_zero
filas_de	rows_of
hueco_de_sitios	places_slot
ids_del_tablero	board_ids
informe_de_lote	batch_report
informe_de_undo	undo_report
linea_de	line_of
poner_en	put_in
que_se_comprueba	that_is_checked
texto_de_tercero	third_party_text
HistorialDeLado	SideHistory
PorDefecto	Default
SeEjecuta	Runs
SinIndice	NoIndex
TOPE_POR_SECCION	CAP_PER_SECTION
ajuste_de	setting_of
app_con_gestor	app_with_manager
cabecera_de	header_of
capas_con_perfil	layers_with_profile
clave_de_sesion	session_key
con_indice	with_index
decir_de_organizar	say_from_organize
error_al_borrar	error_on_delete
etiqueta_de_fuente	source_label
host_de_prueba	test_host
identidad_de_columna	column_identity
informe_de_sync	sync_report
ir_a_indice	go_to_index
keymap_de_preset_con_capas	preset_keymap_with_layers
marca_los_ficheros	marks_the_files
nota_de_captura	capture_note
nota_de_recorte	truncation_note
pie_en_vuelo	footer_in_flight
rama_de_head	head_branch
roles_de_tema	theme_roles
semantica_en_vuelo	semantics_in_flight
suelta_la_sesion	drops_the_session
tecla_a_bytes	key_to_bytes
todos_con	all_with
EnParte	InPart
POR_PAGINA	PER_PAGE
SinRespuesta	NoResponse
SpoolsSinBarrer	UnsweptSpools
TOPE_DEL_INDICE	INDEX_CAP
TamanoDeDirectorio	DirectorySize
VolumenesDeLado	SideVolumes
YaNoEsElFichero	NoLongerTheFile
app_con_imagen_colocada	app_with_placed_image
arrancar_con	start_with
aterriza_en	lands_on
cambia_el_estado	changes_the_state
campos_de_busqueda	search_fields
catalogo_de	catalog_of
cerrar_ir_a	close_go_to
desenlace_de_busqueda	search_outcome
dir_en_curso	current_dir
disposicion_de_referencia	reference_layout
efecto_visor_de	viewer_effect_of
esquema_del_orden	order_scheme
filas_de_comandos	command_rows
filas_de_paleta	palette_rows
filas_por_publicar	rows_to_publish
host_con_arbol	host_with_tree
host_con_linea	host_with_timeline
hueco_de_ramas	branches_slot
huecos_de_registro	log_slots
keymap_visor_de_preset_con_capas	preset_viewer_keymap_with_layers
linea_de_wire	wire_line
listado_en	listing_in
no_aplicable_en_caliente	not_hot_reloadable
nombre_de	name_of
nombres_de_tema	theme_names
organizar_en_vuelo	organize_in_flight
origen_a_peticion	origin_on_request
pagina_de_copiado	copy_page
plan_con_colision	plan_with_collision
rechazos_por_tamano	rejections_by_size
relevo_en_curso	handoff_in_progress
salida_de_comando	command_output
sin_confinar	unconfined
sin_foco	unfocused
sin_historial	no_history
sin_pagina	no_page
task_a_cancelar	task_to_cancel
visor_de_referencia	reference_viewer
volumen_de_disco	disk_volume
AvisosDeDestino	DestinationNotices
ConexionesDeIrA	GoToConnections
EsElFichero	IsTheFile
EventoDeSync	SyncEvent
FichaDePlugin	PluginTab
FicheroDeSumas	ChecksumsFile
IndiceDeIrA	GoToIndex
InformeDeSumas	ChecksumsReport
InformeDeSync	SyncReport
NoSeSabe	Unknown
PAGINA_DE_AYUDA	HELP_PAGE
PaginaDeLinea	TimelinePage
PaginaDePlugin	PluginPage
PanelesDePlugin	PluginPanes
PlanDeLote	BatchPlan
PluginsDeAyuda	HelpPlugins
PluginsDePaleta	PalettePlugins
RamasDeArbol	TreeBranches
SalidaDeComando	CommandOutput
SeleccionDeTema	ThemeSelection
SumasEnVuelo	ChecksumsInFlight
UndoDeSesion	SessionUndo
VolumenesDePie	FooterVolumes
abrir_con	open_with
abrir_panel_de_terminal	open_terminal_panel
abrir_volumenes_con	open_volumes_with
activar_en_ayuda	activate_in_help
agentes_de_referencia	reference_agents
ajustes_de_referencia	reference_settings
ancho_en	width_in
anchos_de_preview_tras	preview_widths_after
apaga_el_aviso	turns_off_the_notice
arbol_con_esquema	tree_with_scheme
arrancar_con_marca	start_with_mark
asistente_de_referencia	reference_wizard
ayuda_con_fila	help_with_row
ayuda_de_referencia	reference_help
base_de_trozos	chunk_base
borrar_de_verdad	delete_for_real
botones_de_paneles	pane_buttons
busqueda_de_referencia	reference_search
bytes_de_carga	payload_bytes
bytes_de_ruta	path_bytes
cabeceras_de_todos	headers_of_all
cambiar_de_perfil	switch_profile
cambio_de_filas	row_change
cancelar_por_comando	cancel_by_command
caps_de_ruta	path_caps
clase_de_task	task_class
columnas_de_referencia	reference_columns
con_foco	with_focus
con_historial	with_history
con_mayus	with_shift
con_sitios	with_places
contexto_de_ayuda	help_context
cursor_del_listado	listing_cursor
cursores_de_registro	log_cursors
de_la_ventana	of_the_window
destino_en_espejo	mirrored_destination
destino_y	destination_and
dialogo_de_referencia	reference_dialog
dir_de_perfiles	profiles_dir
disposiciones_de_referencia	reference_layouts
ejecutar_del_menu	run_from_menu
elementos_de_estado	state_items
en_teclas	in_keys
enfocar_lo_pulsado	focus_the_pressed
error_al_aplicar	error_on_apply
error_al_decidir	error_on_decide
error_de_busqueda	search_error
error_de_capacidades	capabilities_error
es_del_humano	is_from_human
es_unidad_de	is_unit_of
esquema_de_prueba	test_scheme
etiqueta_de_ancla	anchor_label
extensiones_de_referencia	reference_extensions
fila_de_extension	extension_row
fila_de_suma	checksum_row
filas_del_indice	index_rows
hash_de_prueba	test_hash
hoja_de_atributos	attributes_sheet
host_con_backend_y_anillo	host_with_backend_and_ring
host_con_mapa	host_with_map
host_con_rutas	host_with_paths
host_con_tema	host_with_theme
hueco_del_arbol	tree_slot
huellas_de_columnas	column_footprints
ir_a_de_referencia	reference_goto
ir_al_resultado	go_to_result
listado_del_lado	side_listing
menu_de_referencia	reference_menu
mide_el_reparto	measures_the_distribution
mover_en_cola_por_comando	move_in_queue_by_command
nombre_de_ancla	anchor_name
ordenar_por_columna	sort_by_column
pagina_de_ayuda	help_page
pausar_por_comando	pause_by_command
pedir_al_indice	ask_the_index
pedir_favorito_de	request_favorite_of
pedir_visor_de	request_viewer_of
perfiles_de_referencia	reference_profiles
plan_ia_de_referencia	reference_ai_plan
preguntar_por_aprobacion	ask_for_approval
preguntar_por_desinstalacion	ask_for_uninstall
programa_de_referencia	reference_program
progreso_de_hueco	slot_progress
reintentar_por_comando	retry_by_command
responde_con_foto	responds_with_snapshot
salida_de_referencia	reference_output
seguido_de_mapa	followed_by_map
selector_de_referencia	reference_selector
siembra_de_perfil	profile_seed
soltar_en_panico	drop_on_panic
task_de_referencia	reference_task
tema_de_referencia	reference_theme
texto_de	text_of
texto_de_fila	row_text
titulo_de	title_of
tras_el_paso	after_the_step
undo_en_curso	undo_in_progress
valores_de_columna	column_values
variables_de_la_hoja	sheet_variables
ACCIONES_DEL_HOST	HOST_ACTIONS
ESQUEMAS_DE_PAGINA	PAGE_SCHEMAS
LectorDelPty	PtyReader
MedidaDeMapa	MapMeasure
PENDIENTES_DE_GASTAR	PENDING_TO_SPEND
SIGUEN_AL_CURSOR	FOLLOW_THE_CURSOR
SONDEOS_A_LA_VEZ	POLLS_AT_ONCE
a_donde	where_to
abrir_ir_a	open_go_to
abrir_lo_comprobado	open_the_checked
abrir_lo_creado	open_the_created
abrir_panel_de_sync	open_sync_panel
abrir_volumenes_en	open_volumes_in
accion_de_comparacion	comparison_action
acciones_de_ajustes	settings_actions
acciones_de_cromo	chrome_actions
acciones_de_fila	row_actions
acciones_de_overlay	overlay_actions
acciones_de_pantalla	screen_actions
acciones_del_host	host_actions
acciones_del_renderer	renderer_actions
acorde_de_dialogo	dialog_chord
acorde_de_salida	exit_chord
activar_del_menu	activate_from_menu
actuar_en_ayuda	act_in_help
al_abrir	on_open
algo_encima_del_visor	something_above_the_viewer
aplicar_de_fondo	apply_in_background
aprobar_o_denegar	approve_or_deny
arbol_de_ramas	branch_tree
atar_la_creacion	bind_the_creation
avisar_de_aprobacion	notify_of_approval
avisar_del_desenlace	notify_of_outcome
aviso_de_arranque	startup_notice
aviso_de_nivel	level_notice
aviso_de_plugin	plugin_notice
avisos_de_destino	destination_notices
ayuda_de_extension	extension_help
bajo_el_cursor	under_the_cursor
barra_de_sitios	places_bar
bombear_avisos_de_plugin	pump_plugin_notices
bombear_tic_de_sesion	pump_session_tick
borde_y	border_and
boton_de_pestana	tab_button
cambia_de_perfil	switches_profile
cambio_de_conexion	connection_change
cambios_de_linea	line_changes
cambios_de_listado	listing_changes
cambios_de_overlay	overlay_changes
cambios_de_pantalla	screen_changes
cambios_del_listado	listing_changes
cambios_del_resto	rest_changes
celdas_de_plugin	plugin_cells
clic_en_mapa	click_on_map
clic_en_panel	click_on_pane
colocaciones_de_referencia	reference_placements
comando_de_daemon	daemon_command
comandos_de	commands_of
comandos_de_id	id_commands
comparacion_de_referencia	reference_comparison
con_conexiones	with_connections
con_los_perfiles	with_the_profiles
con_nota	with_note
conexiones_de_ir_a	goto_connections
confirmar_ir_a	confirm_go_to
cromo_de_mayor_a_menor	chrome_high_to_low
cuerpo_de_lote	batch_body
cuerpo_de_undo	undo_body
de_otro_fichero	from_another_file
decir_el_recuento	report_the_count
del_entorno	from_env
del_listado	of_the_listing
desalojar_del_tablero	evict_from_board
destino_del_gesto	gesture_destination
detalle_de_lote	batch_detail
disposiciones_del_usuario	user_layouts
draw_tiras_de_paneles	draw_pane_strips
efecto_de_disposicion	layout_effect
efecto_de_listado	listing_effect
efecto_en_linea	timeline_effect
efecto_en_sitios	places_effect
ejecutar_de_archivo	run_from_file
ejecutar_de_plugin	run_from_plugin
ejecutar_de_renamer	run_from_renamer
elegir_del_selector	choose_from_selector
enter_en_ayuda	enter_in_help
entradas_de	entries_of
error_al_escribir	error_on_write
es_ficha_de	is_tab_of
escribir_en_dialogo	write_in_dialog
espacio_de	space_of
estado_de_busqueda	search_state
etiqueta_de_columna	column_label
falta_en_castellano	missing_in_spanish
falta_en_ingles	missing_in_english
fichero_de_sumas	checksums_file
fila_de_subir	upload_row
fila_por_indice	row_by_index
filas_de_registro	log_rows
filas_de_tablero	board_rows
filtro_de_registro	log_filter
firma_de_panel	pane_signature
fresh_con_papelera	fresh_with_trash
fuente_de_registro	log_source
gesto_de_panel	pane_gesture
gobernar_por_raton	govern_by_mouse
grupos_de_pestanas	tab_groups
guardia_de_navegacion	navigation_guard
hermana_del_preview	preview_sibling
hermana_del_visor	viewer_sibling
host_con_capas_apiladas	host_with_stacked_layers
host_hoja_sin_visor	leaf_host_without_viewer
host_ortodoxo_en	orthodox_host_in
hueco_del_lado	side_slot
huecos_de_hoja	leaf_slots
huecos_de_panel	pane_slots
huecos_de_preview	preview_slots
huella_a_nodo	footprint_to_node
huella_de_nodo	node_footprint
id_de_fila	row_id
identidad_de_texto	text_identity
indice_de_ir_a	goto_index
informe_de_empaquetado	packaging_report
informe_de_sumas	checksums_report
instantanea_de_perfil	profile_snapshot
ir_a_miga	go_to_crumb
ir_a_pestana	go_to_tab
lanzar_plan_de_sync	launch_sync_plan
linea_con_encoding	line_with_encoding
linea_de_registro	log_line
linea_de_timeline	timeline_line
lineas_de_detalle	detail_lines
mapa_de	map_of
migas_de	crumbs_of
mover_en_tablero	move_on_board
nivel_de_registro	log_level
nota_de_fuente	source_note
operandos_de_transferencia	transfer_operands
ordenar_por	sort_by
panel_de_registro	log_panel
pasar_al_keymap	pass_to_keymap
perfil_de_arranque	startup_profile
pie_de_columnas	column_footer
politica_de_colision	collision_policy
por_teclado	by_keyboard
preguntar_por_deshacer	ask_for_undo
quitar_de_historia	remove_from_history
ramas_del_listado	listing_branches
rechazo_de_lote	batch_rejection
rename_de_ortografia	spelling_rename
rotulos_de_comando	command_labels
rueda_en_el_visor	wheel_in_viewer
rueda_en_preview	wheel_in_preview
saltar_a_seccion	jump_to_section
saltar_al_punto	jump_to_point
se_solapan	they_overlap
se_va_a_deshacer	will_undo
semilla_de_ids	id_seed
siguiente_del_anillo	next_in_ring
sin_gastar	unspent
sincronizacion_de_referencia	reference_sync
slots_de_referencia	reference_slots
snapshot_de_referencia	reference_snapshot
spawn_daemon_plugins_ok_y_roto	spawn_daemon_plugins_ok_and_broken
sujeto_de_aprobacion	approval_subject
tag_de_accion	action_tag
tamano_del_terminal	terminal_size
tecla_de_acorde	chord_key
tecla_de_filtro	filter_key
tecla_de_un_overlay	key_of_an_overlay
tecla_en_agentes	key_in_agents
tecla_en_ajustes	key_in_settings
tecla_en_asistente	key_in_wizard
tecla_en_ayuda	key_in_help
tecla_en_busqueda	key_in_search
tecla_en_columnas	key_in_columns
tecla_en_comparacion	key_in_comparison
tecla_en_dialogo	key_in_dialog
tecla_en_disposiciones	key_in_layouts
tecla_en_extensiones	key_in_extensions
tecla_en_ir_a	key_in_goto
tecla_en_menu	key_in_menu
tecla_en_paleta	key_in_palette
tecla_en_perfiles	key_in_profiles
tecla_en_preview	key_in_preview
tecla_en_quick	key_in_quick
tecla_en_revision_ia	key_in_ai_review
tecla_en_selector	key_in_selector
tecla_en_sincronizacion	key_in_sync
tecla_en_splash	key_in_splash
tecla_en_tema	key_in_theme
tecla_en_terminal	key_in_terminal
tecla_en_visor	key_in_viewer
tic_de_registro	log_tick
vista_de_linea	timeline_view
vista_de_mapa	map_view
volumen_de_sobra	spare_volume
volumenes_de_lado	side_volumes
zona_de_panel_en	pane_zone_in
access_key_o_secret_vacios_son_error_local	empty_access_key_or_secret_is_local_error
apply_cd_swapped_reconcilia_el_estado_del_run_loop	apply_cd_swapped_reconciles_run_loop_state
ask_secret_acepta_confirm_y_no_approve	ask_secret_accepts_confirm_and_not_approve
auth_degrada_a_permission_denied	auth_degrades_to_permission_denied
auth_key_no_aplica_a_ftp	auth_key_does_not_apply_to_ftp
auth_por_agente	auth_by_agent
auth_por_clave_ed25519_cifrada	auth_by_encrypted_ed25519_key
auto_usa_kitty_solo_si_el_terminal_sabe	auto_uses_kitty_only_if_terminal_knows
blocks_a_kitty_no_toca_el_modo_pineado	blocks_to_kitty_does_not_touch_pinned_mode
build_diagnostics_keymap_valido_sin_hallazgos	build_diagnostics_valid_keymap_without_findings
cancelar_sin_tasks_lo_dice	cancel_without_tasks_says_so
cancelled_conserva_el_fill	cancelled_keeps_the_fill
clase_del_futuro	future_class
compare_size_probe_targets_ignora_dir_y_lo_ya_hidratado	compare_size_probe_targets_ignores_dir_and_already_hydrated
con_mouse_false_no_hay_captura_ni_manejo	with_mouse_false_no_capture_or_handling
con_un_solo_browser_no_hay_destino	with_a_single_browser_there_is_no_destination
confirm_acepta_confirm_y_approve	confirm_accepts_confirm_and_approve
connect_valida_y_opera	connect_validates_and_operates
copy_native_padre_del_destino_ausente_es_not_found	copy_native_missing_destination_parent_is_not_found
criteria_vacia_es_error_y_no_el_default_del_wire	empty_criteria_is_error_not_wire_default
cursor_en_pane_vacio_no_revienta	cursor_in_empty_pane_does_not_crash
defaults_sin_ninguna_capa	defaults_without_any_layer
degradacion_evita_rgb_en_terminal_pobre	degradation_avoids_rgb_on_poor_terminal
del_panel_de_procesos_se_sale_tabulando	tabbing_exits_the_processes_panel
dir_sin_archivos_no_molesta	dir_without_files_does_not_bother
dock_derecha_va_al_final	right_dock_goes_last
drop_cierra_el_pipeline	drop_closes_the_pipeline
el_arbol_round_trippea_en_toml	the_tree_round_trips_in_toml
el_digest_se_normaliza_a_minuscula	the_digest_normalizes_to_lowercase
el_hermano_gana	the_sibling_wins
el_identificador_no_dice_spike	the_identifier_does_not_say_spike
el_limit_cero_es_error_y_el_ausente_es_el_default	zero_limit_is_error_and_absent_is_default
el_renderer_solo_invoca_comandos_conocidos	the_renderer_only_invokes_known_commands
el_sobre	the_envelope
en_bloques_sin_previewer_el_visor_lo_dice	in_blocks_without_previewer_the_viewer_says_so
en_kitty_sin_miniatura_el_visor_lo_dice	in_kitty_without_thumbnail_the_viewer_says_so
endpoint_acepta_el_scheme_de_un_plugin	endpoint_accepts_a_plugin_scheme
endpoint_o_region_vacios_son_error_local	empty_endpoint_or_region_is_local_error
enter_en_un_disco_da_su_montaje	enter_on_a_disk_gives_its_mount
failed_conserva_el_fill	failed_keeps_the_fill
frame_pinta_panes_y_badge_no_utf8	frame_paints_panes_and_non_utf8_badge
has_room_to_split_cuadra_con_el_colapso	has_room_to_split_matches_the_collapse
ida_y_vuelta	round_trip
is_folded_sigue_al_toggle	is_folded_follows_the_toggle
krusader_es_orthodox_con_el_sidebar_puesto	krusader_is_orthodox_with_sidebar_on
la_raiz_ocupada_se_numera_sin_padre	the_taken_root_is_numbered_without_parent
la_tolerancia_por_defecto_es_la_del_wire	the_default_tolerance_is_the_wires
lecturas_sin_scope_son_accionables	reads_without_scope_are_actionable
lee_la_forma_bsd	reads_the_bsd_form
lee_la_forma_escapada_de_coreutils	reads_the_escaped_coreutils_form
linea_de_tiempo	timeline
los_tres_veredictos	the_three_verdicts
mod_es_ctrl_por_defecto	mod_is_ctrl_by_default
panel_de_tasks_y_modal_se_pintan	tasks_panel_and_modal_are_painted
paneles_de_plugin	plugin_panes
password_inline_en_url_rechazado_sin_eco	inline_password_in_url_rejected_without_echo
pax_len_en_transiciones_de_digitos	pax_len_in_digit_transitions
picker_ordena_y_persiste	picker_sorts_and_persists
picker_toggle_persiste_la_lista	picker_toggle_persists_the_list
placements_y_hidden_particionan_el_arbol	placements_and_hidden_partition_the_tree
profile_start_no_revive_un_hueco_huerfano	profile_start_does_not_revive_an_orphan_slot
prueba_del_daemon	daemon_test
rafaga_coalesce_a_un_evento	burst_coalesces_to_one_event
rebind_explicito_de_enter_a_approve_es_consentimiento_informado	explicit_rebind_of_enter_to_approve_is_informed_consent
refreshed_suelta_el_fill_del_pane_relistado	refreshed_releases_the_fill_of_the_relisted_pane
replaced_suelta_el_fill_del_pane	replaced_releases_the_fill_of_the_pane
revelar_atraviesa_los_grupos_anidados	reveal_crosses_the_nested_groups
ris_reinicia_del_todo	ris_resets_everything
s3_con_user_o_puerto_se_rechaza	s3_with_user_or_port_is_rejected
scroll_con_topes_y_truncado_visible	scroll_with_caps_and_visible_truncation
secret_access_key_nunca_en_el_error	secret_access_key_never_in_the_error
siempre_se_pinta_algo	something_is_always_painted
sin_ancestro_en_el_eje_se_envuelve	without_ancestor_on_axis_it_wraps
sin_hermano_se_cae_al_path	without_sibling_it_falls_back_to_path
snapshot_settings_filtrada_y_editando_texto	snapshot_settings_filtered_and_editing_text
snapshot_sync_pane_mirror_sin_papelera	snapshot_sync_pane_mirror_without_trash
snapshot_sync_pane_update_con_papelera	snapshot_sync_pane_update_with_trash
snapshot_viewer_texto_y_hex	snapshot_viewer_text_and_hex
substitute_auto_solo_cambia_los_auto	substitute_auto_only_changes_the_autos
symlink_unknown_con_targets_hostiles	symlink_unknown_with_hostile_targets
symlink_unknown_resuelve_el_kind_del_target	symlink_unknown_resolves_the_target_kind
synthetic_attrs_hostiles_y_deterministas	synthetic_attrs_hostile_and_deterministic
the_unenumerated_invisibles_are_a_hazard	the_unenumerated_invisibles_are_a_hazard
trust_con_fingerprint_incorrecto_no_registra	trust_with_wrong_fingerprint_does_not_register
un_arbol_con_ids_repetidos_no_se_usa	a_tree_with_repeated_ids_is_not_used
un_binding_no_disponible_ensombrece_al_de_global	an_unavailable_binding_shadows_the_global_one
un_click_en_un_panel_lateral_le_da_el_teclado	a_click_on_a_side_pane_gives_it_the_keyboard
un_directorio_no_es_un_daemon	a_directory_is_not_a_daemon
un_flag_desconocido_no_se_traga	an_unknown_flag_is_not_swallowed
un_kind_sin_ese_rol_no_es_candidato	a_kind_without_that_role_is_not_a_candidate
un_panel_consentido_es_un_kind_con_su_prefijo	a_consented_pane_is_a_kind_with_its_prefix
un_plan_sin_leer_no_se_aprueba	an_unread_plan_is_not_approved
un_preset_no_puede_repinar_tab	a_preset_cannot_rebind_tab
un_replay_o_un_seed_no_cuentan_como_visita	a_replay_or_a_seed_does_not_count_as_a_visit
un_split_con_un_hijo_fijo_no_colapsa	a_split_with_a_fixed_child_does_not_collapse
vpath_invalido_es_error_de_tool_local	invalid_vpath_is_a_local_tool_error
