dos_paneles_con_destino_aparte	two_panes_with_separate_destination
siguiente_foto_tras_resync	next_snapshot_after_resync
ejecutar_por_paleta_ack	execute_via_palette_ack
app_con_las_dos_fuentes	app_with_both_sources
no_hace_falta_avisar_de_miniatura	no_need_to_warn_about_thumbnail
abrir_lista_de_historia	open_history_list
habla_por_su_informe	speaks_through_its_report
lua_de_esta_capa	lua_of_this_layer
motivo_para_no_lanzar	reason_not_to_launch
MINIMO_PARA_EL_INDICE	MINIMUM_FOR_THE_INDEX
host_full_con_fila_de_subir	host_full_with_parent_row
MarcarHastaElBorde	MarkToEdge
arbol_grande_con_plugins	large_tree_with_plugins
dest_sigue_ahi_o_falla	dest_still_there_or_fails
dos_paneles_en_disco	two_panes_on_disk
parches_de_filas_de_todos	patches_of_rows_from_all
soltar_miniatura_si_deja_de_ser_kitty	drop_thumbnail_if_no_longer_kitty
abrir_hueco_de_kind	open_slot_of_kind
borde_de_la_segunda_columna	edge_of_the_second_column
keymap_dialogo_de_preset_con_capas	keymap_dialog_preset_with_layers
vista_elementos_de_estado	status_items_view
COMPROBAR_RAIZ_CADA_SEGUNDOS	CHECK_ROOT_EVERY_SECONDS
TaskDeLoteRechazada	BatchTaskRejected
activar_fila_de_splash	activate_splash_row
activar_sitio_del_cursor	activate_place_at_cursor
anota_desenlace_de_lote	records_batch_outcome
arbol_de_organizar_de_referencia	reference_organize_tree
barra_de_paneles_de_referencia	reference_pane_bar
cambio_de_filas_de	row_change_for
capas_con_perfil_en	layers_with_profile_in
capturar_sesion_con_marcas	capture_session_with_marks
cerrar_hueco_de_kind	close_slot_of_kind
dos_marcas_pliegan_igual	two_marks_fold_the_same
elementos_de_estado_de_referencia	reference_status_items
fila_de_estado_con_png_en_kitty_sin_miniatura	status_row_with_png_in_kitty_without_thumbnail
fila_de_estado_con_png_sin_previewer	status_row_with_png_without_previewer
host_con_capas_y_favoritos	host_with_layers_and_favorites
pedir_al_indice_de_ir_a	request_goto_from_index
pedir_catalogo_de_extensiones	request_extensions_catalog
pedir_filas_de_plugin	request_plugin_rows
pedir_informe_de_lote	request_batch_report
pedir_informe_de_sumas	request_checksums_report
pedir_informe_de_sync	request_sync_report
pedir_instruccion_ia_sobre	request_ai_instruction_about
pedir_plan_de_organizar	request_organize_plan
pedir_plantilla_de_lote	request_batch_template
pedir_volumenes_de_pie	request_footer_volumes
recongelar_hechos_de_ayuda	refreeze_help_facts
repintar_si_hace_falta	repaint_if_needed
resumen_de_lote_si_cerrado	batch_summary_if_closed
siguiente_mensaje_de_estado	next_status_message
vista_barra_de_paneles	view_pane_bar
vpath_de_ruta_nativa	vpath_from_native_path
abrir_historial_de_lado	open_side_history
abrir_volumenes_de_lado	open_side_volumes
activar_ajuste_por_raton	activate_setting_by_mouse
activar_fila_de_asistente	activate_wizard_row
activar_perfil_de_fila	activate_profile_from_row
algo_se_queda_las_teclas	something_keeps_the_keys
aplicar_catalogo_de_extensiones	apply_extensions_catalog
aplicar_catalogo_de_plugins	apply_plugins_catalog
aplicar_evento_de_sync	apply_sync_event
aplicar_filas_de_plugin	apply_plugin_rows
aplicar_pagina_de_plugin	apply_plugin_page
aplicar_plan_de_lote	apply_batch_plan
aplicar_plan_de_organizar	apply_organize_plan
aplicar_volumenes_de_pie	apply_footer_volumes
bindings_expuestos_reflejan_las_capas	exposed_bindings_reflect_the_layers
capas_multiples_se_pliegan_por_precedencia	multiple_layers_fold_by_precedence
capas_yazi_prepend_pisa_y_append_solo_anade	yazi_layers_prepend_overrides_and_append_only_adds
capturar_sesion_para_relevo	capture_session_for_handoff
cerrar_salida_de_programa	close_program_output
chord_new_normaliza_shift_en_chars_pero_no_en_otras_teclas	chord_new_normalizes_shift_in_chars_but_not_in_other_keys
clave_de_aprobacion_perdida	lost_approval_key
columnas_con_tamano_exacto	columns_with_exact_size
comando_desconocido_es_error_de_carga	unknown_command_is_a_load_error
confirmar_valor_de_ajuste	confirm_setting_value
donde_volver_tras_desconectar	where_to_return_after_disconnecting
dos_paneles_con_destino_aparte_inner	two_panes_with_separate_destination_inner
efecto_en_panel_enfocado	effect_on_focused_pane
el_contexto_especifico_pisa_al_global_por_secuencia_exacta	specific_context_overrides_global_by_exact_sequence
el_contexto_viewer_se_fusiona_para_su_pantalla	the_viewer_context_merges_for_its_screen
el_menu_se_reabre_por_donde_iba	the_menu_reopens_where_it_left_off
elegir_del_selector_en_otro	choose_from_selector_into_another
elegir_fila_del_selector	choose_row_from_selector
elemento_de_estado_en	status_item_at
es_grupo_de_paneles	is_a_group_of_panes
esc_cancela_la_secuencia_pendiente	esc_cancels_the_pending_sequence
esc_dentro_de_secuencia_es_error_de_carga	esc_inside_sequence_is_a_load_error
fijar_filas_del_visor	pin_viewer_rows
fijar_punto_de_salto	set_jump_point
formas_vacias_de_reparto	empty_layout_shapes
fuera_de_alcance_en_caliente	out_of_scope_hot
guardar_ancho_de_columna	save_column_width
hijo_del_mapa_en	child_of_the_map_at
la_especificidad_de_contexto_prevalece_sobre_la_capa	context_specificity_prevails_over_the_layer
lanzar_plan_de_plantilla	launch_template_plan
linea_tiene_el_foco	the_line_has_focus
lista_equivocada_en_una_capa_es_error	wrong_list_in_a_layer_is_an_error
lua_de_keymap_de_proyecto_se_descarta_con_aviso	project_keymap_lua_is_discarded_with_a_warning
lua_prefijado_pasa_la_validacion_de_comandos	prefixed_lua_passes_command_validation
no_hace_falta_avisar	no_need_to_warn
no_hace_falta_avisar_de_imagen	no_need_to_warn_about_image
pedir_destino_al_escritorio	request_destination_from_the_desktop
pedir_pagina_de_plugin	request_plugin_page
pedir_valor_de_ajuste	request_setting_value
por_encima_de_los_paneles	above_the_panes
prefijo_ambiguo_es_error_de_carga	ambiguous_prefix_is_a_load_error
procesos_tienen_el_foco	processes_have_focus
pulsa_indicador_de_sesion	clicks_session_indicator
pulsar_barra_de_paneles	click_pane_bar
pulsar_boton_de_disposicion	click_layout_button
pulsar_elemento_de_estado	click_status_item
raton_en_la_ayuda	mouse_in_help
rechaza_por_solo_lectura	rejects_for_read_only
resuelve_secuencias_multi_tecla	resolves_multi_key_sequences
secciones_de_ajustes_de_referencia	reference_settings_sections
siguiente_parche_de_tablero	next_dashboard_patch
sitios_tienen_el_foco	places_have_focus
tecla_en_revision_organizar	key_in_organize_review
tocar_campo_de_dialogo	touch_dialog_field
vista_botones_de_disposicion	view_layout_buttons
a_treinta_columnas_se_pinta_un_solo_pane_a_ancho_completo	at_thirty_columns_a_single_pane_paints_at_full_width
abajo_entra_por_encima_de_la_barra_de_estado	below_enters_above_the_status_bar
abrir_el_preview_no_se_lleva_el_teclado	opening_the_preview_does_not_take_the_keyboard
abrir_el_sidebar_no_toca_los_lados	opening_the_sidebar_does_not_touch_the_sides
abrir_una_pestana_desde_un_panel_suelto_lo_envuelve	opening_a_tab_from_a_loose_pane_wraps_it
abrirlo_dos_veces_no_acuna_dos_huecos	opening_it_twice_does_not_nest_two_slots
agarrar_antes_del_separador_no_salta_una_celda	grabbing_before_the_separator_does_not_skip_a_cell
agarrar_el_borde_no_selecciona_una_fila	grabbing_the_edge_does_not_select_a_row
age_sin_passphrase_es_error_si_existe_el_fichero	age_without_passphrase_is_an_error_if_the_file_exists
agent_es_anonimo_sin_secreto	agent_is_anonymous_without_a_secret
agente_ausente_es_error_claro	missing_agent_is_a_clear_error
agrandar_mueve_un_hijo_fijo_en_celdas	growing_moves_a_fixed_child_in_cells
agrandar_sube_el_peso_hasta_el_tope	growing_raises_the_weight_up_to_the_cap
agrandar_un_panel_le_da_sitio_y_al_otro_se_lo_quita	growing_one_pane_gives_it_room_and_takes_it_from_the_other
ai_rename_confirm_vacio_no_devuelve_y_deja_diagnostico	ai_rename_confirm_empty_does_not_return_and_leaves_a_diagnostic
ai_rename_instruccion_conserva_texto_tras_fallo	ai_rename_instruction_keeps_text_after_failure
al_bajar_el_tope_la_rama_de_delante_pierde_su_punta_lejana	lowering_the_cap_makes_the_forward_branch_lose_its_far_tip
al_cerrar_la_ultima_pestana_el_pane_recupera_su_fila	closing_the_last_tab_the_pane_recovers_its_row
al_terminar_una_copia_se_relista_el_destino	finishing_a_copy_relists_the_destination
al_tomar_el_relevo_no_se_pisa_lo_que_guardaba_la_otra	taking_the_handoff_does_not_overwrite_what_the_other_saved
al_tomar_la_propiedad_se_vuelve_a_escribir	taking_ownership_writes_again
allow_con_cert_invalido_falla_cerrado	allow_with_invalid_cert_fails_closed
allow_degrada_a_plano_si_no_hay_tls	allow_degrades_to_plaintext_if_there_is_no_tls
alt_solo_abre_y_pliega_el_menu	alt_alone_opens_and_folds_the_menu
alt_solo_no_abre_el_menu_encima_de_un_dialogo	alt_alone_does_not_open_the_menu_over_a_dialog
ambiguous_mutation_aplica_el_efecto_y_falla_transitorio	ambiguous_mutation_applies_the_effect_and_fails_transiently
ambiguous_mutation_cubre_las_cuatro_mutaciones	ambiguous_mutation_covers_the_four_mutations
anadir_un_favorito_lo_pinta_tambien_en_el_sidebar	adding_a_favorite_also_paints_it_in_the_sidebar
apartar_una_pestana_no_cambia_la_que_se_esta_mirando	detaching_a_tab_does_not_change_the_one_being_viewed
aprobacion_aprueba_con_approve_y_deniega_con_deny_cancel	approval_approves_with_approve_and_denies_with_deny_cancel
aprobar_pregunta_y_enumera_las_capabilities	approving_asks_and_lists_the_capabilities
archive_limits_ultimo_gana_y_proyecto_no_los_toca	archive_limits_last_one_wins_and_project_does_not_touch_them
arrastrar_el_borde_de_un_fijo_lo_escribe_en_celdas	dragging_the_edge_of_a_fixed_one_writes_it_in_cells
arrastrar_el_borde_de_una_columna_cambia_su_ancho_y_pide_guardarlo	dragging_a_column_edge_changes_its_width_and_asks_to_save_it
arrastrar_el_borde_mueve_la_frontera_entre_los_panes	dragging_the_edge_moves_the_boundary_between_the_panes
arrastrar_el_borde_reparte_la_pareja	dragging_the_edge_splits_the_pair
arrastrar_el_borde_reparte_los_dos_huecos	dragging_the_edge_splits_the_two_slots
arrastrar_el_titulo_mueve_el_panel	dragging_the_title_moves_the_pane
arrastrar_hasta_el_extremo_deja_hueco_a_los_dos	dragging_to_the_end_leaves_room_for_both
arrastrar_una_pareja_no_aplasta_al_tercero	dragging_a_pair_does_not_crush_the_third
ask_secret_vacio_no_confirma_pero_si_cancela	ask_secret_empty_does_not_confirm_but_does_cancel
badge_sobrevive_al_truncado_en_pane_estrecho	badge_survives_truncation_in_a_narrow_pane
begin_search_limpia_los_previews_anteriores	begin_search_clears_previous_previews
bindings_solo_devuelve_lo_ejecutable	bindings_only_returns_what_is_executable
blocks_no_usa_kitty_aunque_el_terminal_sepa	blocks_does_not_use_kitty_even_if_the_terminal_knows
borrar_nombra_solo_ese_id_y_libera_los_datos	deleting_names_only_that_id_and_frees_the_data
build_diagnostics_reporta_todos_los_desconocidos_en_una_pasada	build_diagnostics_reports_all_unknowns_in_one_pass
build_valida_contra_el_known_commands_dado	build_validates_against_the_given_known_commands
cada_boton_de_la_barra_cae_en_su_sitio	every_bar_button_falls_into_its_place
cada_cambio_cruza_el_bridge	every_change_crosses_the_bridge
cada_color_acordado_lo_gasta_la_hoja	every_agreed_color_is_spent_by_the_sheet
cada_hueco_del_nucleo_en_un_preset_esta_decidido	every_core_slot_in_a_preset_is_decided
cada_motivo_tiene_su_veredicto	every_reason_has_its_verdict
cada_nivel_tiene_su_letra	every_level_has_its_letter
cada_pestana_conserva_su_cursor	every_tab_keeps_its_cursor
cada_pestana_conserva_su_historial	every_tab_keeps_its_history
cada_prefijo_resuelve_a_lo_suyo	every_prefix_resolves_to_its_own
cada_variable_de_color_la_alimenta_el_tema	every_color_variable_is_fed_by_the_theme
cada_variante_de_enum_tiene_su_fixture	every_enum_variant_has_its_fixture
calcular_sumas_abre_el_dialogo_con_sus_filas	calculating_checksums_opens_the_dialog_with_its_rows
cambiar_de_layout_conserva_los_listados_que_ya_habia	changing_layout_keeps_the_listings_that_were_already_there
cambiar_de_listado_cambia_el_objetivo	changing_listing_changes_the_target
cambiar_de_listado_cambia_lo_que_ensena	changing_listing_changes_what_it_shows
cambiar_de_raiz_vacia_lo_leido	changing_root_empties_what_was_read
cambiar_permisos_teclea_y_encola	changing_permissions_types_and_queues
campos_s3_opcionales_no_rompen_sftp	optional_s3_fields_do_not_break_sftp
cancel_del_agente_retira_el_ask_el_humano_no_ejecuta	agent_cancel_withdraws_the_ask_the_human_does_not_execute
cancelar_el_plan_desde_el_tablero_lo_dice_en_el_panel	cancelling_the_plan_from_the_dashboard_says_so_in_the_pane
cancelar_mata_el_script_y_sus_tasks	cancelling_kills_the_script_and_its_tasks
cancelar_suelta_el_teclado_y_su_tecla_cierra_desde_dentro	cancelling_releases_the_keyboard_and_its_key_closes_from_inside
cancelar_una_colision_no_reintenta	cancelling_a_collision_does_not_retry
cancelled_abandona_el_tool_en_vuelo_sin_respuesta	cancelled_abandons_the_in_flight_tool_without_a_response
capa_puede_extender_dialog	layer_can_extend_dialog
capturar_y_aplicar_es_la_identidad	capture_and_apply_is_the_identity
cerrado_no_pinta_nada	closed_paints_nothing
cerrar_devuelve_el_arbol_de_antes	closing_returns_the_previous_tree
cerrar_el_selector_sin_elegir_no_transfiere	closing_the_selector_without_choosing_does_not_transfer
cerrar_el_sidebar_devuelve_el_arbol_de_antes	closing_the_sidebar_returns_the_previous_tree
cerrar_el_unico_hueco_no_se_hace_solo	closing_the_only_slot_does_not_happen_by_itself
cerrar_el_visor_limpia_tambien_su_miniatura	closing_the_viewer_also_clears_its_thumbnail
cerrar_la_penultima_pestana_disuelve_el_grupo	closing_the_second_to_last_tab_dissolves_the_group
cerrar_suelta_las_lineas_pero_no_lo_que_se_sabe_del_daemon	closing_releases_the_lines_but_not_what_is_known_about_the_daemon
cerrar_un_hueco_deja_su_estado_huerfano	closing_a_slot_leaves_its_state_orphaned
cerrar_un_hueco_disuelve_el_split_de_dos	closing_a_slot_dissolves_the_split_of_two
cerrar_un_hueco_se_lleva_su_tamano	closing_a_slot_takes_its_size_with_it
cerrar_un_panel_suelto_no_es_cerrar_una_pestana	closing_a_loose_pane_is_not_closing_a_tab
cerrar_una_pestana_anterior_arrastra_el_activo	closing_an_earlier_tab_drags_the_active_one
chord_malo_gana_al_comando_desconocido	bad_chord_wins_over_unknown_command
clave_de_otro_algoritmo_es_mismatch_no_unknown	key_of_another_algorithm_is_a_mismatch_not_unknown
clave_desconocida_es_error_claro	unknown_key_is_a_clear_error
clave_rsa_con_allow_rsa_autentica	rsa_key_with_allow_rsa_authenticates
clave_rsa_contra_servidor_solo_sha1_es_error	rsa_key_against_sha1_only_server_is_an_error
clave_rsa_rechazada_sin_red	rsa_key_rejected_without_network
clic_en_una_fila_del_gestor_la_elige_y_repetirlo_abre_sus_ajustes	clicking_a_manager_row_selects_it_and_repeating_it_opens_its_settings
cmd_es_su_propio_modificador_y_no_es_ctrl	cmd_is_its_own_modifier_and_is_not_ctrl
colision_elige_politica_o_cancela	collision_chooses_policy_or_cancels
colision_ignora_confirm_y_deny	collision_ignores_confirm_and_deny
colocar_lleva_el_id_el_tamano_y_base64	placing_carries_the_id_the_size_and_base64
columna_plugin_configurada_pinta_cabecera_y_celda	configured_plugin_column_paints_header_and_cell
compare_con_limit_bajo_trunca_y_cancela	compare_with_low_limit_truncates_and_cancels
compare_devuelve_las_filas_con_valores_de_wire	compare_returns_the_rows_with_wire_values
compare_nombre_hostil_viaja_como_wire_fiel	compare_hostile_name_travels_faithfully_on_the_wire
compare_pregunta_en_left_y_right_como_contesta	compare_asks_with_the_same_names_it_answers_with
completo_exige_que_las_filas_cuadren_con_las_emitidas	complete_requires_rows_to_match_the_emitted_ones
comprobar_un_archivo_exige_que_lo_sea	checking_a_file_requires_it_to_be_one
con_algo_encima_no_se_coloca_aunque_el_path_case	with_something_on_top_it_is_not_placed_even_though_the_path_matches
con_ancho_impar_los_dos_paneles_suman_el_frame	with_odd_width_the_two_panes_add_up_to_the_frame
con_dos_browsers_el_destino_es_el_otro	with_two_browsers_the_destination_is_the_other
con_el_ancla_en_una_pestana_el_acople_va_fuera_del_grupo	with_the_anchor_on_a_tab_the_docking_goes_outside_the_group
con_el_apply_en_vuelo_escape_no_cierra	with_apply_in_flight_escape_does_not_close
con_el_panel_del_plan_delante_no_se_pide_otro	with_the_plan_pane_in_front_no_other_is_requested
con_el_rect_vacio_no_se_coloca	with_an_empty_rect_it_is_not_placed
con_el_sidebar_abierto_y_el_teclado_fuera_la_tecla_lo_enfoca	with_the_sidebar_open_and_the_keyboard_outside_the_key_focuses_it
con_el_teclado_dentro_el_sidebar_cambia_de_ancho	with_the_keyboard_inside_the_sidebar_changes_width
con_ids_repetidos_apartar_cromo_no_pierde_un_hueco	with_repeated_ids_detaching_chrome_does_not_lose_a_slot
con_la_fila_de_subir_el_listado_la_lleva_primera	with_the_parent_row_the_listing_puts_it_first
con_la_ventana_delante_no_se_avisa_fuera	with_the_window_in_front_no_outside_warning_is_shown
con_miniatura_colocada_no_se_avisa_de_nada_en_kitty	with_thumbnail_placed_nothing_is_warned_in_kitty
con_perfil_activo_el_destino_es_el_perfil	with_active_profile_the_destination_is_the_profile
con_previewer_no_se_avisa_de_nada	with_previewer_nothing_is_warned
con_tres_listados_el_destino_no_se_adivina	with_three_listings_the_destination_is_not_guessed
con_tres_paneles_cerrar_uno_vuelve_a_dos	with_three_panes_closing_one_goes_back_to_two
con_tres_paneles_no_hay_destino_hasta_que_se_designa	with_three_panes_there_is_no_destination_until_one_is_designated
con_un_campo_abierto_las_teclas_no_contestan	with_a_field_open_keys_do_not_respond
con_un_overlay_abierto_el_raton_no_toca_los_panes	with_an_overlay_open_the_mouse_does_not_touch_the_panes
con_un_overlay_delante_la_barra_no_se_pulsa	with_an_overlay_in_front_the_bar_is_not_clickable
con_un_panel_el_destino_lo_elige_el_escritorio	with_one_pane_the_desktop_chooses_the_destination
con_un_solo_hueco_ciclar_se_queda_en_el	with_a_single_slot_cycling_stays_on_it
con_un_solo_listado_una_copia_pregunta_el_destino	with_a_single_listing_a_copy_asks_for_the_destination
con_una_pestana_abierta_la_geometria_sigue_cuadrando	with_one_tab_open_the_geometry_still_adds_up
con_varios_candidatos_no_hay_destino_por_defecto	with_several_candidates_there_is_no_default_destination
conditional_write_cierra_la_ventana_de_carrera	conditional_write_closes_the_race_window
confirmacion_acepta_y_cancela	confirmation_accepts_and_cancels
confirmar_actua_sobre_el_panel_y_no_sobre_el_listado	confirming_acts_on_the_pane_and_not_on_the_listing
confirmar_aplica_y_cancelar_no_toca_nada	confirm_applies_and_cancel_touches_nothing
confirmar_el_destino_abre_el_modal_de_siempre	confirming_the_destination_opens_the_usual_modal
confirmar_el_destino_de_origen_lo_dice_en_el_prompt	confirming_the_source_destination_says_so_in_the_prompt
confirmar_es_inerte_en_el_registro_y_su_propia_tecla_lo_cierra	confirm_is_inert_in_the_log_and_its_own_key_closes_it
connect_endpoint_muerto_falla_en_el_probe	connect_to_dead_endpoint_fails_at_the_probe
copia_la_seleccion_al_otro_pane_renombrada	copies_the_selection_to_the_other_pane_renamed
copiar_compone_el_destino_en_rust	copying_composes_the_destination_in_rust
copiar_la_ruta_manda_bytes_al_escritorio	copying_the_path_sends_bytes_to_the_desktop
copiar_pide_confirmacion_y_dice_a_donde	copying_asks_for_confirmation_and_says_where_to
copiar_sobre_el_propio_directorio_se_rechaza	copying_onto_its_own_directory_is_rejected
copy_con_scope_completa_y_fuera_de_scope_es_accionable	copy_with_scope_completes_and_out_of_scope_is_actionable
copy_native_byte_exacto_nombre_hostil	copy_native_byte_exact_hostile_name
copy_native_destino_existente_es_conflict	copy_native_existing_destination_is_conflict
cr_only_se_parte_en_lineas	cr_only_splits_into_lines
criteria_vacia_es_error_en_las_dos_tools	empty_criteria_is_an_error_in_both_tools
criterio_de_salida_m3_agente_bajo_ask_con_undo	m3_exit_criteria_agent_under_ask_with_undo
ctrl_click_marca_y_desmarca_la_fila_pulsada	ctrl_click_marks_and_unmarks_the_clicked_row
cuando_no_cabe_nada_se_pinta_uno_igualmente	when_nothing_fits_one_is_painted_anyway
cursor_navega_con_topes	cursor_navigates_with_caps
de_un_conflicto_se_conservan_los_huecos_ajenos	from_a_conflict_the_other_slots_are_kept
deny_unknown_rechaza_secreto_inline	deny_unknown_rejects_inline_secret
desconectar_no_vuelve_a_la_misma_maquina	disconnecting_does_not_return_to_the_same_machine
desconectar_vuelve_a_donde_estaba_antes	disconnecting_returns_to_where_it_was_before
dialog_context_se_parsea_y_construye	dialog_context_is_parsed_and_built
display_marca_toda_perdida_y_neutraliza_controles	display_marks_everything_lost_and_neutralizes_controls
dock_izquierda_entra_en_el_split_del_cuerpo	dock_left_enters_the_body_split
dos_browsers_al_cincuenta_por_ciento	two_browsers_at_fifty_percent
dos_clicks_lejanos_en_tiempo_o_en_fila_no_son_un_doble	two_clicks_far_apart_in_time_or_row_are_not_a_double
dos_gemelos_de_caja_hacia_un_destino_sensible_si_se_encolan	two_box_twins_toward_a_sensitive_destination_if_queued
dos_listados_cojos_de_ejes_distintos_no_hacen_una_pantalla_buena	two_lame_listings_of_different_axes_do_not_make_a_good_screen
dos_marcados_son_la_pareja	two_marked_ones_are_the_pair
dos_marcas_que_pliegan_al_mismo_nombre_no_se_encolan	two_marks_that_fold_to_the_same_name_do_not_queue
dos_nombres_invalidos_distintos_siguen_siendo_distintos	two_different_invalid_names_stay_different
dos_nombres_que_colapsan_en_texto_no_colapsan_aqui	two_names_that_collapse_in_text_do_not_collapse_here
drop_entero_cierra_el_pipeline	dropping_entirely_closes_the_pipeline
echo_del_servidor_no_llega_al_error	server_echo_does_not_reach_the_error
editar_uno_nuevo_crea_el_fichero_y_lo_abre	editing_a_new_one_creates_the_file_and_opens_it
editar_uno_nuevo_no_se_ofrece_en_un_panel_remoto	editing_a_new_one_is_not_offered_in_a_remote_pane
el_alias_cuenta_como_su_modificador_para_el_repetido	the_alias_counts_as_its_modifier_for_the_repeat
el_anillo_no_se_para_en_la_hoja_de_atributos	the_ring_does_not_stop_at_the_attributes_sheet
el_arbol_agrupa_por_carpeta	the_tree_groups_by_directory
el_arbol_hace_round_trip	the_tree_round_trips
el_arbol_pide_una_rama_y_solo_al_abrirla	the_tree_requests_a_branch_and_only_when_opening_it
el_arbol_sigue_al_listado_que_navega	the_tree_follows_the_listing_that_navigates
el_aviso_de_bloques_y_el_de_kitty_son_textos_distintos	the_blocks_warning_and_the_kitty_one_are_different_texts
el_aviso_no_se_come_la_posicion_de_scroll	the_warning_does_not_eat_the_scroll_position
el_aviso_no_se_come_la_posicion_de_scroll_en_ingles	the_warning_does_not_eat_the_scroll_position_in_english
el_borde_de_los_detalles_se_arrastra_desde_el_segundo_listado	the_details_edge_is_dragged_from_the_second_listing
el_borde_del_registro_se_arrastra_desde_los_detalles	the_log_edge_is_dragged_from_the_details
el_borde_derecho_salta_despues_y_no_antes	the_right_edge_jumps_after_and_not_before
el_borde_entre_primos_mueve_su_pareja	the_edge_between_cousins_moves_its_pair
el_boton_de_una_pestana_actua_sobre_su_grupo_y_no_sobre_el_del_foco	a_tab_button_acts_on_its_group_and_not_on_the_focused_one
el_browser_declara_su_minimo_y_puede_tomar_los_dos_roles	the_browser_declares_its_minimum_and_can_take_both_roles
el_bundle_no_llama_a_casa	the_bundle_does_not_phone_home
el_campo_lee_las_formas_de_chmod	the_field_reads_the_chmod_forms
el_catalogo_de_tools_no_tiene_dos_convenciones	the_tools_catalog_does_not_have_two_conventions
el_catalogo_lleva_la_version_del_host	the_catalog_carries_the_host_version
el_catalogo_va_y_vuelve_con_los_mismos_campos	the_catalog_goes_and_returns_with_the_same_fields
el_catalogo_y_la_busqueda_dicen_lo_mismo	the_catalog_and_the_search_say_the_same_thing
el_centro_no_mezcla_listados_y_paneles	the_center_does_not_mix_listings_and_panes
el_cero_no_abre_un_contador_pero_si_acumula	zero_does_not_open_a_counter_but_it_does_accumulate
el_cero_sigue_siendo_ligable_con_contadores	zero_is_still_bindable_with_counters
el_colapso_propaga_hacia_arriba	the_collapse_propagates_upward
el_color_exacto_y_el_indice_alto_no_se_confunden	the_exact_color_and_the_high_index_are_not_confused
el_contador_ni_desborda_ni_se_pega_a_la_tecla_siguiente	the_counter_neither_overflows_nor_sticks_to_the_next_key
el_contador_puede_arrancar_donde_se_diga	the_counter_can_start_wherever_told
el_contador_topa_en_cuatro_digitos	the_counter_caps_at_four_digits
el_copy_del_comando_deja_rastro_deshacible_en_el_journal	the_command_copy_leaves_an_undoable_trail_in_the_journal
el_corpus_hostil_cruza_el_dialogo_de_aprobacion	the_hostile_corpus_crosses_the_approval_dialog
el_corpus_hostil_no_ensucia_ninguna_celda	the_hostile_corpus_does_not_dirty_any_cell
el_corpus_no_nombra_comandos_que_no_existen	the_corpus_does_not_name_commands_that_do_not_exist
el_corpus_que_enviamos_esta_integro	the_corpus_we_send_is_intact
el_corte_dice_a_que_capa_apunta	the_cut_says_which_layer_it_points_to
el_corte_por_la_izquierda_mantiene_la_rejilla	the_cut_from_the_left_keeps_the_grid
el_cromo_no_se_aparta_si_apartarlo_no_arregla_nada	the_chrome_is_not_removed_if_removing_it_fixes_nothing
el_cromo_se_aparta_antes_de_dejar_la_pantalla_sin_listado	the_chrome_is_removed_before_leaving_the_screen_without_a_listing
el_cuerpo_de_una_confirmacion_marca_lo_que_enmascara	the_body_of_a_confirmation_marks_what_it_masks
el_cursor_arranca_sobre_una_cabecera	the_cursor_starts_on_a_header
el_cursor_espera_a_su_listado	the_cursor_waits_for_its_listing
el_cursor_salta_las_cabeceras	the_cursor_skips_the_headers
el_cursor_se_encadena_y_las_perdidas_se_acumulan	the_cursor_chains_and_the_losses_accumulate
el_cursor_se_mueve_se_esconde_y_la_pantalla_se_borra	the_cursor_moves_hides_and_the_screen_clears
el_cursor_se_queda_dentro	the_cursor_stays_inside
el_cursor_sobrevive_a_un_refresco	the_cursor_survives_a_refresh
el_debug_del_modal_no_lleva_el_secreto	the_modal_debug_does_not_carry_the_secret
el_desplazamiento_cuenta_las_dos_fuentes	the_scroll_counts_both_sources
el_destino_designado_se_marca_y_solo_cuando_hace_falta	the_designated_destination_is_marked_and_only_when_needed
el_destino_por_defecto_no_sobrevive_a_un_tercer_panel	the_default_destination_does_not_survive_a_third_pane
el_destino_se_compone_byte_a_byte	the_destination_is_composed_byte_by_byte
el_diagnostico_tambien_reporta_las_dos_reglas_nuevas	the_diagnostic_also_reports_the_two_new_rules
el_dialogo_de_colision_marca_el_nombre_alterado	the_collision_dialog_marks_the_altered_name
el_dialogo_de_contrasena_pinta_puntos_y_no_el_texto	the_password_dialog_paints_dots_and_not_the_text
el_dialogo_de_copia_avisa_de_espacio_y_de_confinamiento	the_copy_dialog_warns_about_space_and_confinement
el_directorio_y_el_orden_vuelven	the_directory_and_the_order_come_back
el_doble_click_pide_el_mismo_nav_enter_del_teclado	the_double_click_requests_the_same_nav_enter_as_the_keyboard
el_editor_de_config_cicla_teclea_y_valida	the_config_editor_cycles_types_and_validates
el_error_de_plan_nombra_el_tope_en_vez_de_decir_internal	the_plan_error_names_the_cap_instead_of_saying_internal
el_escritorio_lo_ofrece_para_abrir_carpetas	the_desktop_offers_it_to_open_directories
el_espacio_alrededor_no_estorba	the_surrounding_space_does_not_get_in_the_way
el_espacio_tras_la_bandera_da_igual	the_space_after_the_flag_does_not_matter
el_estado_viaja_con_nombre_y_el_fallo_con_su_causa	the_status_travels_with_a_name_and_the_failure_with_its_cause
el_exec_entrega_una_ruta_y_no_una_url	the_exec_delivers_a_path_and_not_a_url
el_favorito_roto_se_pinta_marcado_y_atenuado	the_broken_favorite_is_painted_marked_and_dimmed
el_fichero_del_usuario_gana_al_preset	the_user_file_wins_over_the_preset
el_fichero_del_usuario_gana_al_preset_del_mismo_nombre	the_user_file_wins_over_the_preset_of_the_same_name
el_filtro_casa_por_subsecuencia_sin_mayusculas	the_filter_matches_by_subsequence_case_insensitively
el_final_es_una_orden_propia	the_end_is_its_own_command
el_foco_abandona_el_pane_que_el_colapso_dejo_fuera	focus_leaves_the_pane_the_collapse_left_out
el_foco_cicla_en_los_dos_sentidos	focus_cycles_in_both_directions
el_fondo_desplaza_hacia_arriba	the_background_scrolls_upward
el_formato_ajeno_no_cambia_el_aviso_de_bloques	a_foreign_format_does_not_change_the_blocks_warning
el_frontend_de_terminal_loguea_al_fichero_y_no_a_la_pantalla	the_terminal_frontend_logs_to_the_file_and_not_to_the_screen
el_guard_cancela_al_abandonar_y_calla_si_se_desarma	the_guard_cancels_on_drop_and_stays_quiet_if_disarmed
el_gutter_de_marca_solo_pinta_la_fila_marcada	the_mark_gutter_only_paints_the_marked_row
el_hexadecimal_del_corpus_tambien_se_desplaza	the_corpus_hex_also_scrolls
el_hueco_bajo_la_ultima_entrada_no_es_la_ultima_entrada	the_slot_below_the_last_entry_is_not_the_last_entry
el_hueco_de_preview_con_el_foco_se_mueve_con_las_teclas_del_visor	the_preview_slot_with_focus_moves_with_the_viewer_keys
el_hueco_de_preview_sigue_al_cursor_y_ensena_el_visor	the_preview_slot_follows_the_cursor_and_shows_the_viewer
el_hueco_del_sidebar_no_aparece_como_listado	the_sidebar_slot_does_not_appear_as_a_listing
el_informe_de_la_sincronizacion_dice_lo_que_fallo	the_sync_report_says_what_failed
el_intercambio_cruza_los_huecos_del_relleno_en_vuelo	the_swap_crosses_the_in_flight_filler_slots
el_intercambio_sin_nada_en_vuelo_no_inventa_nada	the_swap_with_nothing_in_flight_invents_nothing
el_intercambio_voltea_el_pane_de_la_busqueda_viva	the_swap_flips_the_pane_with_the_live_search
el_interruptor_de_la_cola_viaja_con_la_transferencia	the_queue_switch_travels_with_the_transfer
el_invariante_del_rastro_aguanta_cualquier_secuencia	the_trail_invariant_holds_up_under_any_sequence
el_juego_de_dibujo_pinta_lineas_y_no_letras	the_line_drawing_set_paints_lines_and_not_letters
el_keymap_de_la_ultima_capa_se_marca_como_proyecto	the_last_layer_keymap_is_marked_as_project
el_layout_de_estos_tests_es_el_que_se_pinta	the_layout_of_these_tests_is_the_one_that_gets_painted
el_layout_de_la_linea_de_ordenes_puede_ser_del_usuario	the_command_line_layout_can_be_the_users
el_lote_dice_cuantas_terminaron_bien_y_cuantas_no	the_batch_says_how_many_finished_well_and_how_many_did_not
el_marco_del_plugin_se_pinta_con_su_titulo	the_plugin_frame_is_painted_with_its_title
el_mensaje_corto_dice_que_no_esta_construido_en_ambos_locales	the_short_message_says_it_is_not_built_in_both_locales
el_mensaje_corto_tampoco_lleva_un_hazard_de_terminal	the_short_message_also_does_not_carry_a_terminal_hazard
el_mensaje_de_contador_ignorado_lleva_los_dos_argumentos_en_ambos_locales	the_ignored_counter_message_carries_both_arguments_in_both_locales
el_mensaje_de_contador_ignorado_nombra_comando_y_numero	the_ignored_counter_message_names_command_and_number
el_mensaje_de_no_disponible_jamas_lleva_un_hazard_de_terminal	the_not_available_message_never_carries_a_terminal_hazard
el_mensaje_de_no_disponible_lleva_los_tres_argumentos_en_ambos_locales	the_not_available_message_carries_the_three_arguments_in_both_locales
el_mensaje_de_no_disponible_nombra_el_comando_y_el_motivo	the_not_available_message_names_the_command_and_the_reason
el_menu_se_abre_con_el_teclado_dentro_de_un_panel_lateral	the_menu_opens_with_the_keyboard_inside_a_side_panel
el_menu_se_pinta_y_sus_zonas_coinciden	the_menu_is_painted_and_its_zones_match
el_menu_se_recorre_y_lo_elegido_corre	the_menu_is_traversed_and_the_chosen_one_runs
el_mismo_fichero_dos_veces_no_es_una_comparacion	the_same_file_twice_is_not_a_comparison
el_modal_de_nombre_en_destino_elide_las_rutas	the_name_in_destination_modal_elides_the_paths
el_modal_de_sumas_enmascara_y_marca_el_corte	the_checksums_modal_masks_and_marks_the_cut
el_modal_de_un_lote_pinta_una_ruta_por_linea_y_resume_el_resto	the_batch_modal_paints_one_path_per_line_and_summarizes_the_rest
el_modo_sale_del_atributo_del_listado	the_mode_comes_from_the_listing_attribute
el_nivel_del_anillo_sube_no_baja_y_vuelve_al_cerrar	the_ring_level_rises_never_lowers_and_resets_on_close
el_nivel_del_daemon_va_en_la_captura_y_no_en_el_nivel	the_daemon_level_goes_in_the_capture_and_not_in_the_level
el_objetivo_lleva_el_hueco_de_la_hoja	the_target_carries_the_sheets_slot
el_objetivo_lleva_el_hueco_del_preview	the_target_carries_the_previews_slot
el_orden_de_foco_solo_lleva_visibles_enfocables	the_focus_order_only_carries_visible_focusable_ones
el_orden_de_los_anclajes_es_el_de_quien_tapa_a_quien	the_order_of_the_anchors_is_who_covers_whom
el_panel_de_agentes_deshace_la_sesion_elegida	the_agents_pane_undoes_the_chosen_session
el_panel_de_diferencias_se_come_el_raton_como_cualquier_overlay	the_diff_pane_eats_the_mouse_like_any_overlay
el_panel_de_procesos_toma_el_teclado_al_abrir	the_processes_pane_takes_the_keyboard_on_open
el_panel_despacha_su_vocabulario_entero	the_pane_dispatches_its_entire_vocabulary
el_panel_recien_partido_se_queda_el_foco	the_freshly_split_pane_keeps_the_focus
el_paquete_trae_el_daemon_y_el_cli	the_package_brings_the_daemon_and_the_cli
el_perfil_pegajoso_pide_el_cambio	the_sticky_profile_asks_for_the_change
el_perfil_se_lee_y_conserva_sus_bytes	the_profile_is_read_and_keeps_its_bytes
el_pie_de_las_sumas_solo_ofrece_copiar_cuando_hay_digests	the_checksums_footer_only_offers_copy_when_there_are_digests
el_pie_del_modal_de_aprobacion_se_pinta_con_un_lote_gigante	the_approval_modal_footer_is_painted_with_a_giant_batch
el_pie_del_panel_cuenta_y_dice_el_espacio_libre	the_pane_footer_counts_and_tells_the_free_space
el_plan_del_lote_solo_rellena_al_modal_que_lo_esperaba	the_batch_plan_only_fills_the_modal_that_was_waiting_for_it
el_plan_omite_lo_que_no_cambia_y_el_contador_no_salta	the_plan_omits_what_does_not_change_and_the_counter_does_not_skip
el_polling_detecta_cambios_y_se_cancela_limpio	polling_detects_changes_and_cancels_cleanly
el_preset_que_ate_layout_processes_lo_ata_en_las_dos_pantallas	the_preset_that_binds_layout_processes_binds_it_on_both_screens
el_presupuesto_de_key_descuenta_el_prefijo_root	the_key_budget_deducts_the_root_prefix
el_primer_hueco_es_a_quien_se_le_pregunta	the_first_slot_is_the_one_that_gets_asked
el_puente_abre_su_brazo_de_streams_una_sola_vez	the_bridge_opens_its_streams_arm_only_once
el_rastro_de_vuelta_sobrevive	the_trail_back_survives
el_rect_del_visor_es_el_hueco_que_draw_viewer_deja_en_blanco	the_viewer_rect_is_the_slot_draw_viewer_leaves_blank
el_renderer_no_pide_ninguna_clave_que_no_exista	the_renderer_does_not_ask_for_any_key_that_does_not_exist
el_resumen_cuenta_lo_que_se_va_a_crear_y_lo_que_se_mueve	the_summary_counts_what_will_be_created_and_what_is_moved
el_selector_de_conexiones_lo_llena_el_daemon	the_connections_selector_is_filled_by_the_daemon
el_selector_de_perfiles_ensena_y_lo_elegido_se_aplica	the_profiles_selector_shows_and_the_chosen_one_is_applied
el_selector_de_tema_elige_y_avisa_a_quien_hospeda	the_theme_selector_chooses_and_notifies_the_host
el_selector_lista_las_de_fabrica_y_las_del_usuario	the_selector_lists_the_factory_ones_and_the_users
el_shell_anuncia_donde_esta	the_shell_announces_where_it_is
el_sidebar_despacha_su_propia_tecla	the_sidebar_dispatches_its_own_key
el_sidebar_ocupa_dieciseis_celdas_y_el_listado_empieza_en_la_diecisiete	the_sidebar_occupies_sixteen_cells_and_the_listing_starts_at_seventeen
el_subshell_sigue_al_panel_con_un_nombre_hostil	the_subshell_follows_the_pane_with_a_hostile_name
el_suspend_no_enciende_una_captura_que_estaba_apagada	suspend_does_not_turn_on_a_capture_that_was_off
el_tablero_se_recorre_y_se_descarta	the_dashboard_is_traversed_and_discarded
el_tabulador_cicla_los_listados_y_se_salta_los_laterales	tab_cycles_the_listings_and_skips_the_sides
el_tamano_y_la_fecha_no_van_en_blanco	the_size_and_the_date_are_not_left_blank
el_tema_de_un_perfil_puede_ser_una_ruta	a_profiles_theme_can_be_a_path
el_tema_puede_ser_un_fichero	the_theme_can_be_a_file
el_texto_de_cada_preset_llega_al_suelo_de_contraste	each_presets_text_reaches_the_contrast_floor
el_texto_de_sumas_omite_lo_que_no_tiene_digest	the_checksums_text_omits_what_has_no_digest
el_texto_del_guest_se_enmascara_y_el_cromo_no_se_concede	the_guests_text_is_masked_and_chrome_is_not_granted
el_texto_llena_la_fila_y_el_salto_baja	the_text_fills_the_row_and_the_line_break_moves_down
el_tope_de_planes_retenidos_no_sale_como_error_interno	the_retained_plans_cap_does_not_come_out_as_an_internal_error
el_tope_remoto_tira_lo_viejo_y_lo_cuenta	the_remote_cap_discards_the_old_and_counts_it
el_tope_se_acota_y_al_bajar_se_queda_lo_cercano	the_cap_is_bounded_and_lowering_it_keeps_what_is_near
el_total_de_pasos_suma_las_clases_y_solo_las_clases	the_total_steps_add_up_the_classes_and_only_the_classes
el_ultimo_gana_por_campo_y_las_capas_de_keymap_se_acumulan	last_one_wins_per_field_and_keymap_layers_accumulate
el_usuario_no_sale_en_el_detalle_de_un_rechazo	the_user_does_not_appear_in_a_rejections_detail
el_veredicto_del_lote_sobrevive_a_un_terminal_corto	the_batch_verdict_survives_a_short_terminal
elegir_una_rama_navega_el_listado_y_el_arbol_no_se_mueve	choosing_a_branch_navigates_the_listing_and_the_tree_does_not_move
empaquetar_rehusa_un_formato_que_no_se_escribe	packaging_refuses_a_format_that_cannot_be_written
empaquetar_saca_el_formato_del_nombre	packaging_derives_the_format_from_the_name
en_columna_cada_boton_es_una_fila_del_borde_izquierdo	in_column_mode_each_button_is_a_row_on_the_left_edge
en_estrecho_las_filas_se_pulsan_y_la_descripcion_no	in_narrow_mode_the_rows_are_clickable_and_the_description_is_not
en_kitty_con_miniatura_colocada_no_sale_el_aviso	in_kitty_with_thumbnail_placed_the_warning_does_not_appear
en_kitty_sin_miniatura_el_visor_lo_dice_y_no_se_come_la_posicion	in_kitty_without_thumbnail_the_viewer_says_so_and_does_not_eat_the_position
en_kitty_sin_miniatura_el_visor_lo_dice_y_no_se_come_la_posicion_en_ingles	in_kitty_without_thumbnail_the_viewer_says_so_and_does_not_eat_the_position_in_english
en_off_no_se_avisa_porque_lo_pidio_el_lector	in_off_mode_there_is_no_warning_because_the_reader_asked_for_it
en_solo_lectura_copiar_no_abre_nada	in_read_only_copying_opens_nothing
en_solo_lectura_el_panel_dice_que_no_escucha	in_read_only_the_pane_says_it_does_not_listen
en_solo_lectura_la_paleta_no_ofrece_lo_que_muta	in_read_only_the_palette_does_not_offer_what_mutates
en_solo_lectura_no_se_deshace_una_sesion	in_read_only_a_session_cannot_be_undone
en_solo_lectura_no_se_ejecuta_un_comando_de_extension	in_read_only_an_extension_command_does_not_run
en_solo_lectura_no_se_gobierna_ninguna_extension	in_read_only_no_extension_is_governed
en_solo_lectura_no_se_lanza_nada_del_escritorio	in_read_only_nothing_from_the_desktop_is_launched
en_un_espejo_cada_mitad_se_archiva_por_su_cuenta	in_a_mirror_each_half_archives_on_its_own
en_un_panel_local_no_hay_conexion_que_cerrar	in_a_local_pane_there_is_no_connection_to_close
encender_sin_aprobar_se_rehusa	turning_on_without_approving_is_refused
enter_en_un_favorito_da_el_destino_y_suelta_el_teclado	enter_on_a_favorite_gives_the_destination_and_releases_the_keyboard
enter_en_un_favorito_roto_explica_en_la_barra	enter_on_a_broken_favorite_explains_in_the_bar
enter_en_una_cabecera_no_hace_nada	enter_on_a_header_does_nothing
entrar_dos_veces_en_la_alterna_no_pierde_la_de_verdad	entering_the_alternate_screen_twice_does_not_lose_the_real_one
entry_crea_por_defecto_y_iter_va_en_orden	entry_creates_by_default_and_iter_goes_in_order
eof_con_tool_en_vuelo_termina_limpio	eof_with_tool_in_flight_ends_cleanly
esc_cancela_limpio_sin_destino_a_medias	esc_cancels_cleanly_without_a_half_finished_destination
esc_limpia_el_contador	esc_clears_the_counter
escribir_devuelve_el_cursor_arriba	typing_returns_the_cursor_up
faults_cuenta_las_llamadas_a_read	faults_counts_the_calls_to_read
fichero_corrupto_es_error_no_panic	corrupt_file_is_an_error_not_a_panic
fichero_ilegible_es_error_no_tofu	unreadable_file_is_an_error_not_tofu
filling_de_un_pane_no_toca_el_hueco_del_otro	filling_of_one_pane_does_not_touch_the_others_slot
fixtures_nuevas_de_169_cumplen_lo_que_prometen	new_fixtures_from_169_deliver_what_they_promise
footer_de_aprobacion_enmascara_chord_hostil_de_una_capa	approval_footer_masks_a_layers_hostile_chord
ftps_require_conecta_y_valida_cert	ftps_require_connects_and_validates_cert
fuera_de_una_zona_no_se_despacha_nada	outside_a_zone_nothing_is_dispatched
girar_cambia_el_eje_del_reparto_interior	rotating_changes_the_inner_splits_axis
guardar_y_restaurar_el_cursor_lleva_el_estilo	saving_and_restoring_the_cursor_carries_the_style
has_room_to_split_dice_que_no_cuando_el_reparto_colapsaria	has_room_to_split_says_no_when_the_split_would_collapse
host_con_caracteres_de_formato_rechazado	host_with_format_characters_is_rejected
igualar_devuelve_los_paneles_a_la_mitad	equalizing_returns_the_panes_to_half
igualar_solo_toca_los_ponderados	equalizing_only_touches_the_weighted_ones
insertar_el_mismo_kind_dos_veces_reemplaza	inserting_the_same_kind_twice_replaces
insertar_y_borrar_caracteres_en_la_fila	inserting_and_deleting_characters_in_the_row
insertar_y_borrar_lineas	inserting_and_deleting_lines
intercambiar_mueve_el_contenido_no_los_ids	swapping_moves_the_content_not_the_ids
invoke_ejecuta_y_reporta_ok	invoke_executes_and_reports_ok
juntar_exige_empezar_por_el_primer_trozo	joining_requires_starting_with_the_first_chunk
key_de_mas_de_1024_bytes_se_rechaza_upfront	key_over_1024_bytes_is_rejected_upfront
keys_sembradas_desde_fuera_que_nosotros_no_creariamos	keys_seeded_from_outside_that_we_would_not_create
kitty_a_off_suelta_la_miniatura_colocada_ya_puesta	kitty_to_off_releases_the_already_placed_thumbnail
kitty_forzado_manda_aunque_la_sonda_dijera_que_no	forced_kitty_wins_even_if_the_probe_said_no
la_aprobacion_de_un_chmod_pinta_el_modo	the_approval_of_a_chmod_paints_the_mode
la_ayuda_se_pinta_sobre_el_viewer	the_help_is_painted_over_the_viewer
la_ayuda_y_la_version_se_reconocen	help_and_version_are_recognized
la_barra_anuncia_lo_que_haria_soltar_ahora	the_bar_announces_what_dropping_now_would_do
la_barra_de_estado_no_pertenece_a_ningun_pane	the_status_bar_does_not_belong_to_any_pane
la_barra_de_estado_trae_sus_elementos_y_se_pulsan	the_status_bar_brings_its_items_and_they_are_clickable
la_barra_de_paneles_ensena_los_paneles_y_un_click_los_abre	the_pane_bar_shows_the_panes_and_a_click_opens_them
la_barra_de_paneles_pinta_nombres_con_la_letra_subrayada_y_cae_a_letras	the_pane_bar_paints_names_with_the_underlined_letter_and_falls_back_to_letters
la_barra_de_teclas_pinta_lo_atado_y_un_clic_es_la_tecla	the_key_bar_paints_what_is_bound_and_a_click_is_the_key
la_cabecera_de_columnas_no_es_ninguna_fila	the_column_header_is_not_any_row
la_captura_se_suelta_y_se_restaura_alrededor_del_suspend	the_capture_is_released_and_restored_around_suspend
la_casa_no_depende_del_panel	home_does_not_depend_on_the_pane
la_descripcion_no_habla_de_un_spike	the_description_does_not_speak_of_a_spike
la_disposicion_de_la_ventana_se_respeta_y_el_relevo_la_entrega	the_windows_layout_is_respected_and_the_handoff_delivers_it
la_entrada_de_escritorio_es_la_que_esta_en_el_repo	the_desktop_entry_is_the_one_in_the_repo
la_extension_es_el_ultimo_punto_y_un_oculto_no_tiene	the_extension_is_the_last_dot_and_a_hidden_file_has_none
la_extension_no_distingue_mayusculas	the_extension_is_case_insensitive
la_feature_de_medida_no_es_la_de_por_defecto	the_measurement_feature_is_not_the_default_one
la_fila_dice_la_clase_y_sobre_que_actua_sin_el_id	the_row_says_the_class_and_what_it_acts_on_without_the_id
la_firma_es_rar5_y_el_contenido_va_crudo	the_signature_is_rar5_and_the_content_goes_raw
la_forma_del_arbol_no_decide_nada_aqui	the_trees_shape_decides_nothing_here
la_forma_del_corpus_no_cambia_sin_subir_el_puente	the_corpus_shape_does_not_change_without_bumping_the_bridge
la_franja_nombra_el_operando_con_el_panel_cerrado	the_strip_names_the_operand_with_the_pane_closed
la_fuente_efectiva_colapsa_hacia_el_anillo_que_existe	the_effective_source_collapses_toward_the_ring_that_exists
la_geometria_declarada_coincide_con_las_filas_pintadas	the_declared_geometry_matches_the_painted_rows
la_geometria_declarada_coincide_con_lo_pintado_con_el_sidebar_abierto	the_declared_geometry_matches_whats_painted_with_the_sidebar_open
la_hoja_dice_a_que_listado_sigue	the_sheet_says_which_listing_it_follows
la_hoja_no_se_lleva_el_teclado_nunca	the_sheet_never_takes_the_keyboard
la_linea_de_estado_explica_la_pareja_seleccionada	the_status_line_explains_the_selected_pair
la_marca_de_sin_listar_se_va_con_el_primer_listado	the_unlisted_mark_goes_away_with_the_first_listing
la_paleta_ejecuta_un_comando_de_extension_y_ensena_su_salida	the_palette_runs_an_extension_command_and_shows_its_output
la_paleta_pide_el_plan_a_un_renamer_y_lo_revisa_como_el_de_la_ia	the_palette_requests_the_plan_from_a_renamer_and_reviews_it_like_the_ais
la_pantalla_alterna_devuelve_lo_que_habia	the_alternate_screen_returns_what_was_there
la_pantalla_orthodox_no_se_mueve	the_orthodox_screen_does_not_move
la_plantilla_admite_texto_no_ascii	the_template_accepts_non_ascii_text
la_politica_decide_a_que_se_traduce_mod	the_policy_decides_what_mod_translates_to
la_posicion_absoluta_de_un_solo_eje	the_absolute_position_of_a_single_axis
la_puerta_de_la_ventana_es_estrecha	the_windows_door_is_narrow
la_raiz_local_se_sugiere_como_barra	the_local_root_is_suggested_as_the_slash
la_raiz_remota_se_sugiere_con_su_authority	the_remote_root_is_suggested_with_its_authority
la_rama_del_arbol_va_al_ultimo_listado_enfocado	the_tree_branch_goes_to_the_last_focused_listing
la_region_de_scroll_no_mueve_lo_de_fuera	the_scroll_region_does_not_move_whats_outside
la_regla_de_marcas_cuenta_los_mismos_tramos_en_los_dos_lados	the_marks_rule_counts_the_same_segments_on_both_sides
la_respuesta_de_una_apertura_anterior_no_aterriza	the_response_of_an_earlier_open_does_not_land
la_rueda_baja_por_la_ayuda_y_un_clic_elige_pagina	the_wheel_scrolls_down_through_help_and_a_click_chooses_a_page
la_rueda_desplaza_el_pane_bajo_el_puntero_y_no_el_del_foco	the_wheel_scrolls_the_pane_under_the_pointer_and_not_the_focused_one
