la_rueda_mueve_el_cursor_y_cambiar_de_fila_cierra_los_ajustes_ajenos	the_wheel_moves_the_cursor_and_changing_row_closes_foreign_settings
la_rueda_sobre_el_visor_lo_desplaza_y_no_el_listado	the_wheel_over_the_viewer_scrolls_it_and_not_the_listing
la_salida_de_un_comando_no_deja_pasar_teclas	a_commands_output_does_not_let_keys_through
la_secuencia_pendiente_se_ve_en_la_status_bar	the_pending_sequence_shows_in_the_status_bar
la_segunda_pulsacion_enfoca_el_preview	the_second_press_focuses_the_preview
la_sesion_gana_a_profile_start	the_session_wins_over_profile_start
la_sugerencia_es_el_ultimo_segmento	the_suggestion_is_the_last_segment
la_sugerencia_va_saneada_como_cualquier_nombre_pintado	the_suggestion_is_sanitized_like_any_painted_name
la_superficie_de_comandos_es_la_declarada	the_command_surface_is_the_declared_one
la_tecla_de_la_fuente_solo_significa_algo_con_daemon	the_source_key_only_means_something_with_a_daemon
la_tercera_pulsacion_cierra_y_devuelve_el_arbol_de_antes	the_third_press_closes_and_returns_the_previous_tree
la_ultima_foto_al_salir_espera_su_turno	the_last_snapshot_on_exit_waits_its_turn
la_ventana_acepta_el_argv_del_relevo	the_window_accepts_the_handoffs_argv
la_ventana_del_modal_de_sumas_se_desplaza	the_checksums_modal_window_scrolls
la_ventana_guarda_un_favorito_con_el_nombre_sugerido	the_window_saves_a_favorite_with_the_suggested_name
la_ventana_muta_y_es_una_decision	the_window_mutates_and_it_is_a_decision
la_ventana_no_arrastra_un_provider_ni_el_core	the_window_does_not_drag_in_a_provider_nor_the_core
la_ventana_no_trae_nada_de_serie	the_window_brings_nothing_stock
la_ventana_quita_el_favorito_del_cursor	the_window_removes_the_favorite_under_the_cursor
la_version_del_sobre_tambien_deja_la_ventana_suelta	the_envelope_version_also_leaves_the_window_detached
la_webview_no_navega_a_ninguna_parte	the_webview_does_not_navigate_anywhere
la_zona_de_soltar_sale_del_cuarto_mas_cercano	the_drop_zone_comes_from_the_nearest_quarter
las_aprobaciones_hacen_cola_con_prioridad_sobre_colisiones	approvals_queue_with_priority_over_collisions
las_capacidades_son_las_minimas	the_capabilities_are_the_minimum
las_colisiones_hacen_cola_y_jamas_pisan_un_modal	collisions_queue_and_never_step_on_a_modal
las_colocaciones_ni_se_solapan_ni_se_salen	placements_neither_overlap_nor_spill_out
las_columnas_configuradas_llegan_en_orden	configured_columns_arrive_in_order
las_disposiciones_de_otros_perfiles_vuelven_intactas	other_profiles_layouts_come_back_intact
las_dos_versiones_de_esquema_van_del_brazo	the_two_schema_versions_go_arm_in_arm
las_filas_llevan_su_profundidad_y_lo_plegado_no_sale	rows_carry_their_depth_and_folded_ones_do_not_show
las_filas_marcan_el_actual_primero_y_la_rama_de_delante	rows_mark_the_current_first_and_the_branch_ahead
las_fixtures_largas_del_corpus_contra_s3_real	the_corpus_long_fixtures_against_real_s3
las_marcas_de_un_relevo_esperan_a_su_listado_y_solo_con_attach	a_handoffs_marks_wait_for_their_listing_and_only_with_attach
las_marcas_no_viajan	marks_do_not_travel
las_marcas_que_se_consumen_son_las_del_origen	the_marks_consumed_are_the_sources
las_marcas_se_consumen_al_enviar	marks_are_consumed_on_send
las_marcas_sobreviven_a_un_refresco	marks_survive_a_refresh
las_pestanas_se_abren_se_recorren_y_se_cierran	tabs_open_cycle_and_close
las_secciones_salen_en_el_orden_fijo	sections_come_out_in_fixed_order
las_teclas_de_un_dialogo_las_pone_el_preset	a_dialogs_keys_are_set_by_the_preset
las_teclas_llegan_como_bytes_de_terminal	keys_arrive_as_terminal_bytes
layout_places_esta_atado_en_los_siete_presets_y_en_las_dos_pantallas	layout_places_is_bound_in_all_seven_presets_and_both_screens
layout_preview_esta_atado_en_los_siete_presets_y_en_las_dos_pantallas	layout_preview_is_bound_in_all_seven_presets_and_both_screens
learn_registra_y_check_reconoce	learn_records_and_check_recognizes
lee_las_dos_formas_de_sha256sum_y_tolera_crlf	reads_both_sha256sum_forms_and_tolerates_crlf
limit_cero_es_error_en_las_dos_tools	limit_zero_is_an_error_in_both_tools
list_dir_y_stat_leen_bajo_scope	list_dir_and_stat_read_under_scope
listado_con_slash_inyectado_corta	listing_with_injected_slash_cuts_off
listado_con_ufffd_corta	listing_with_ufffd_cuts_off
listado_filtra_self_entry	listing_filters_self_entry
listado_key_fuera_de_prefijo_corta	listing_key_outside_prefix_cuts_off
listado_segmento_vacio_corta	listing_empty_segment_cuts_off
listar_devuelve_los_toml_ordenados_y_sin_extension	listing_returns_the_tomls_sorted_and_without_extension
listar_el_dir_vigilado_no_dispara_refrescos	listing_the_watched_dir_does_not_trigger_refreshes
lo_aportado_no_se_cuela_delante_de_lo_de_serie	contributed_entries_do_not_cut_ahead_of_stock_ones
lo_copiado_vuelve_a_leerse_igual_para_todo_el_corpus_hostil	the_copy_reads_back_identical_for_the_whole_hostile_corpus
lo_creado_que_dejo_de_ser_un_fichero_no_se_abre	a_created_item_that_stopped_being_a_file_does_not_open
lo_elegido_en_el_menu_corre_y_el_menu_se_cierra_antes	the_menu_choice_runs_and_the_menu_closes_first
lo_leido_no_se_vuelve_a_pedir	what_was_read_is_not_requested_again
lo_que_el_arbol_no_menciona_se_tira	what_the_tree_does_not_mention_is_dropped
lo_que_ensena_sale_del_listado_y_no_de_una_peticion	what_it_shows_comes_from_the_listing_and_not_a_request
lo_que_no_llego_se_vuelve_a_mandar	what_did_not_arrive_is_sent_again
lo_recordado_en_la_sesion_gana_a_la_env_var	what_is_remembered_in_the_session_wins_over_the_env_var
lo_tecleado_mientras_el_shell_esta_ocupado_no_arrastra_un_cd	what_is_typed_while_the_shell_is_busy_does_not_drag_in_a_cd
los_acordes_con_modificador_siguen_su_camino	chords_with_a_modifier_go_their_own_way
los_ajustes_salen_enteros_en_el_idioma_del_host	settings_come_out_whole_in_the_hosts_language
los_atajos_con_control_no_se_los_queda	control_shortcuts_are_not_kept
los_atributos_se_ponen_y_se_quitan	attributes_are_set_and_unset
los_bits_de_clase_no_caben	the_class_bits_do_not_fit
los_bordes_del_pane_no_son_filas	the_panes_borders_are_not_rows
los_botones_de_disposicion_caen_en_el_borde_derecho	layout_buttons_fall_on_the_right_edge
los_botones_de_disposicion_y_de_pestana_se_pulsan	layout_and_tab_buttons_are_clickable
los_botones_de_la_barra_de_pestanas_se_pulsan	tab_bar_buttons_are_clickable
los_botones_de_la_ficha_disparan_el_comando_de_su_tecla	the_cards_buttons_fire_their_keys_command
los_cinco_ficheros_son_los_cinco_arboles	the_five_files_are_the_five_trees
los_cinco_parsean_a_lo_que_dicen_ser	all_five_parse_into_what_they_claim_to_be
los_cinco_presets_pintan_lo_que_dicen	the_five_presets_paint_what_they_say
los_comandos_de_perfil_existen_y_no_los_ata_ningun_preset	profile_commands_exist_and_no_preset_binds_them
los_comandos_no_salen_hasta_que_se_escribe	commands_do_not_show_until_typed
los_contextos_del_corpus_son_pantallas_que_la_tui_tiene	the_corpus_contexts_are_screens_the_tui_has
los_digitos_que_no_son_octales_se_rechazan	non_octal_digits_are_rejected
los_digitos_se_acumulan_y_sobreviven_a_una_secuencia	digits_accumulate_and_survive_a_sequence
los_dos_cargadores_denuncian_el_mismo_defecto	both_loaders_report_the_same_defect
los_dos_contadores_se_dicen_por_separado	the_two_counters_are_reported_separately
los_dos_idiomas_tienen_las_mismas_claves	both_languages_have_the_same_keys
los_esquemas_prohiben_la_lista_vacia_de_criteria	schemas_forbid_an_empty_criteria_list
los_flags_se_leen_como_en_el_tui	flags_are_read_the_same_as_in_the_tui
los_huecos_auxiliares_se_abren_y_se_cierran	auxiliary_slots_open_and_close
los_huerfanos_tienen_tope_y_se_purga_el_mas_antiguo	orphans_have_a_cap_and_the_oldest_is_purged
los_minimos_del_manifiesto_mandan_y_hay_respaldo	the_manifests_minimums_rule_and_there_is_a_fallback
los_nombres_de_dispositivo_de_windows_se_rechazan_en_todas_partes	windows_device_names_are_rejected_everywhere
los_paneles_de_un_borde_comparten_sitio_en_pestanas	panes_on_one_edge_share_room_as_tabs
los_paneles_de_un_borde_se_agrupan_con_su_tira	panes_on_one_edge_group_with_their_strip
los_paneles_de_un_mismo_borde_se_agrupan_en_pestanas	panes_on_the_same_edge_group_into_tabs
los_presets_de_fabrica_pasan_las_dos_reglas_nuevas	the_factory_presets_pass_both_new_rules
los_presets_ligan_las_operaciones_de_archivo	presets_bind_file_operations
los_rechazos_de_un_lote_se_dicen_una_sola_vez	a_batchs_rejections_are_reported_only_once
los_siete_presets_marcan_moviendose	all_seven_presets_mark_while_moving
los_tamanos_arrastrados_vuelven_al_abrir	dragged_sizes_come_back_on_open
los_tamanos_tienen_que_ser_tantos_como_hijos	sizes_must_be_as_many_as_children
los_topes_de_la_config_son_los_del_historial	the_configs_caps_are_the_historys
los_tres_cambios_de_una_extension_viajan_por_su_nombre	an_extensions_three_changes_travel_by_its_name
los_tres_caminos_dejan_las_unidades_pedidas	the_three_paths_leave_the_requested_units
los_tres_codigos_y_el_contador_acolchado	the_three_codes_and_the_padded_counter
los_tres_presets_de_fabrica_cargan_y_cubren_lo_basico	the_three_factory_presets_load_and_cover_the_basics
lua_invalido_sigue_siendo_error	invalid_lua_is_still_an_error
mandar_la_sesion_no_bloquea_el_bucle	sending_the_session_does_not_block_the_loop
marcar_todo_invertir_y_por_patron	mark_all_invert_and_by_pattern
mark_pattern_modal_enmascara_el_patron_hostil_y_su_error	mark_pattern_modal_masks_the_hostile_pattern_and_its_error
mayus_al_soltar_decide_copiar_o_mover	shift_on_drop_decides_copy_or_move
modal_de_aprobacion_enmascara_marca_y_no_oculta_el_destino	approval_modal_masks_the_mark_and_does_not_hide_the_destination
modal_de_confirmacion_sigue_la_reinterpretacion	confirmation_modal_follows_the_reinterpretation
modal_de_plan_ai_enmascara_y_no_oculta_el_destino	ai_plan_modal_masks_and_does_not_hide_the_destination
modal_semantic_enmascara_hits_hostiles	semantic_modal_masks_hostile_hits
move_renombra_dentro_del_scope	move_renames_within_scope
mover_donde_no_cabe_se_rehusa_y_se_dice	moving_where_it_does_not_fit_is_refused_and_reported
mover_es_otro_verbo_y_lo_dice	move_is_a_different_verb_and_says_so
mover_lo_que_no_se_mueve_no_cambia_nada	moving_what_does_not_move_changes_nothing
mover_no_puede_dejar_nada_fuera_de_la_vista	moving_cannot_leave_anything_outside_the_view
mover_relista_el_origen_aunque_el_provider_lo_escriba_distinto	moving_relists_the_source_even_if_the_provider_spells_it_differently
mover_relista_tambien_el_origen	moving_also_relists_the_source
mover_un_hueco_lo_suelta_al_lado_o_como_pestana	moving_a_slot_drops_it_beside_or_as_a_tab
mover_una_pestana_no_da_la_vuelta	moving_a_tab_does_not_flip_it_over
mover_una_pestana_se_lleva_el_activo	moving_a_tab_takes_the_active_one_with_it
mover_y_girar_reparten_los_listados	move_and_rotate_redistribute_the_listings
multipart_invisible_hasta_commit_y_abort_sin_rastro	multipart_invisible_until_commit_and_abort_leaves_no_trace
nada_serializado_lleva_una_ruta_cruda	nothing_serialized_carries_a_raw_path
nav_enter_sobre_un_fichero_deja_un_opener_armado	nav_enter_on_a_file_leaves_an_opener_armed
ni_uno_ni_tres	neither_one_nor_three
ningun_auth_llega_a_la_cadena_ambiente_por_descuido	no_auth_reaches_the_environment_chain_by_accident
ningun_byte_de_control_llega_a_una_celda	no_control_byte_reaches_a_cell
ningun_nombre_del_corpus_sale_del_directorio_de_layouts	no_corpus_name_escapes_the_layouts_directory
ningun_numero_del_puente_pasa_de_donde_f64_es_exacto	no_bridge_number_exceeds_where_f64_is_exact
ningun_preset_ata_un_acorde_que_el_terminal_no_entrega	no_preset_binds_a_chord_the_terminal_cannot_deliver
ningun_preset_deja_una_pantalla_sin_listado_usable	no_preset_leaves_a_screen_without_a_usable_listing
ningun_preset_nombra_un_kind_que_no_existe	no_preset_names_a_kind_that_does_not_exist
ningun_preset_repite_un_hueco	no_preset_repeats_a_slot
ningun_texto_hereda_el_frente_del_terminal_con_tema_de_fondo	no_text_inherits_the_terminals_foreground_with_a_background_theme
ninguna_frase_publicable_interpola_userinfo	no_publishable_phrase_interpolates_userinfo
ninguna_seccion_pasa_del_tope	no_section_exceeds_the_cap
ninguna_secuencia_tumba_la_rejilla	no_sequence_brings_down_the_grid
ninguna_superficie_enmascara_en_silencio	no_surface_masks_silently
no_existe_una_tool_de_aplicar	there_is_no_apply_tool
no_hace_falta_avisar_de_miniatura_compara_el_path	no_thumbnail_notice_needed_compares_the_path
no_hace_falta_avisar_de_miniatura_cuando_no_es_imagen	no_thumbnail_notice_needed_when_it_is_not_an_image
no_hace_falta_avisar_de_miniatura_cuando_un_previewer_ya_sustituyo_la_vista	no_thumbnail_notice_needed_when_a_previewer_already_replaced_the_view
no_hace_falta_avisar_de_miniatura_cuando_ya_hay_una_colocada	no_thumbnail_notice_needed_when_one_is_already_placed
no_leido_y_sin_hijos_no_son_lo_mismo	unread_and_childless_are_not_the_same
no_se_cierra_el_ultimo_listado	the_last_listing_does_not_close
no_se_puede_cerrar_el_ultimo_panel	the_last_pane_cannot_be_closed
node_id_es_el_mismo_para_variantes_de_caja_plegadas	node_id_is_the_same_for_folded_case_variants
node_id_follow_sobre_cadena_es_notfound	node_id_follow_on_a_string_is_notfound
nombre_con_nbsp_final_se_rechaza	a_name_with_trailing_nbsp_is_rejected
nombre_hostil_bytes_crudos_round_trip	hostile_name_raw_bytes_round_trip
nombre_hostil_round_trip_byte_fiel_por_el_puente	hostile_name_round_trips_byte_faithful_through_the_bridge
nombre_no_utf8_se_rechaza_limpio	a_non_utf8_name_is_rejected_cleanly
norte_lang_gana_a_la_config_y_la_config_al_entorno	norte_lang_wins_over_config_and_config_over_the_environment
off_no_pinta_nada_y_deja_el_visor_como_estaba	off_paints_nothing_and_leaves_the_viewer_as_it_was
omitidas_del_contenedor_se_ven_en_la_status_bar	container_omissions_show_in_the_status_bar
pane_list_rows_cuenta_las_filas_que_de_verdad_se_pintan	pane_list_rows_counts_the_rows_actually_painted
parse_chord_rechaza_tokens_multi_codepoint_sin_partir	parse_chord_rejects_multi_codepoint_tokens_without_splitting
partir_abre_otro_listado_y_le_da_el_foco	splitting_opens_another_listing_and_gives_it_focus
partir_da_tres_paneles_y_los_tres_cuadran	splitting_gives_three_panes_and_all_three_add_up
partir_en_el_mismo_eje_reparte_a_partes_iguales	splitting_on_the_same_axis_divides_evenly
partir_en_el_otro_eje_sigue_anidando	splitting_on_the_other_axis_keeps_nesting
partir_lee_el_tamano_en_binario	splitting_reads_the_size_in_binary
partir_rehusa_un_tamano_que_no_vale	splitting_refuses_a_size_that_is_not_valid
partir_sin_sitio_se_niega_y_lo_dice	splitting_with_no_room_is_denied_and_says_so
partir_sin_sitio_se_rehusa_y_se_dice	splitting_with_no_room_is_refused_and_reported
partir_un_hueco_deja_a_los_dos_al_mismo_peso	splitting_a_slot_leaves_both_at_the_same_weight
partir_un_hueco_fijo_no_se_une_a_sus_hermanos	splitting_a_fixed_slot_does_not_merge_with_its_siblings
partir_una_pestana_corta_dentro_de_ella	splitting_a_tab_cuts_inside_it
path_display_marca_paths_con_segmentos_hostiles	path_display_flags_paths_with_hostile_segments
pedir_sincronizar_abre_el_plan	requesting_sync_opens_the_plan
pegar_llena_el_campo_de_contrasena	pasting_fills_the_password_field
perder_la_propiedad_se_dice_y_se_vuelve_a_preguntar	losing_ownership_is_reported_and_asked_again
picker_cancel_no_toca_nada	picker_cancel_touches_nothing
picker_cicla_formato_y_persiste_spec	picker_cycles_format_and_persists_the_spec
pide_la_raiz_y_luego_lo_que_se_abre	asks_for_the_root_and_then_what_gets_opened
ping_responde_con_un_tool_suspendido_en_vuelo	ping_responds_with_a_tool_suspended_in_flight
places_no_toma_roles_y_es_unico	places_takes_no_roles_and_is_unique
plan_ia_confirma_como_confirmacion_no_como_aprobacion_de_agente	ai_plan_confirms_as_a_confirmation_not_as_an_agent_approval
plan_ia_no_confirma_sin_un_lote_aplicable	ai_plan_does_not_confirm_without_an_applicable_batch
plegar_desde_la_app_esconde_las_filas	folding_from_the_app_hides_the_rows
plegar_desde_una_fila_pliega_su_propia_seccion	folding_from_a_row_folds_its_own_section
plegar_una_seccion_esconde_sus_filas_y_recoloca_el_cursor	folding_a_section_hides_its_rows_and_relocates_the_cursor
populares_desde_sesion_quita_repetidas_y_respeta_el_tope	popular_from_session_removes_duplicates_and_respects_the_cap
populares_expulsa_la_menos_visitada_y_en_empate_la_mas_vieja	popular_evicts_the_least_visited_and_on_a_tie_the_oldest
preview_del_match_bajo_el_cursor_en_la_barra	preview_of_the_match_under_the_cursor_in_the_bar
processes_y_metadata_se_enfocan_pero_no_son_destino	processes_and_metadata_can_be_focused_but_are_not_a_destination
profile_start_no_inventa_un_hueco_que_el_layout_no_tiene	profile_start_does_not_invent_a_slot_the_layout_does_not_have
profile_start_siembra_un_hueco_sin_sesion	profile_start_seeds_a_slot_without_a_session
pulsar_el_borde_del_panel_no_dispara_su_zona	pressing_the_panes_border_does_not_trigger_its_zone
pulsar_el_indicador_de_sesion_pide_la_ayuda	pressing_the_session_indicator_opens_help
pulsar_la_marca_de_una_rama_la_pliega_y_la_despliega	pressing_a_branchs_mark_folds_and_unfolds_it
pulsar_un_titulo_abre_su_menu_y_fuera_cierra	pressing_a_title_opens_its_menu_and_outside_closes_it
pulsar_una_cabecera_pliega_su_seccion	pressing_a_header_folds_its_section
pulsar_una_fila_del_arbol_la_selecciona_y_repulsarla_la_activa	pressing_a_tree_row_selects_it_and_pressing_again_activates_it
pulsar_una_fila_del_sidebar_la_selecciona_y_repulsarla_la_activa	pressing_a_sidebar_row_selects_it_and_pressing_again_activates_it
pulsar_una_zona_del_panel_deja_su_comando_para_el_despacho	pressing_a_panel_zone_leaves_its_command_for_dispatch
que_cuenta_como_ruta_tecleada	what_counts_as_a_typed_path
quitar_una_ruta_borra_su_punto_de_salto	removing_a_path_erases_its_jump_point
reabrir_un_id_huerfano_recupera_su_estado	reopening_an_orphan_id_recovers_its_state
read_file_frontera_multibyte_cae_a_base64_fiel	read_file_multibyte_boundary_falls_back_to_faithful_base64
read_file_texto_y_binario_fiel	read_file_text_and_binary_faithful
rebase_conserva_la_forma	rebase_preserves_the_shape
rebase_reasigna_desde_la_base_y_devuelve_el_mapa	rebase_reassigns_from_the_base_and_returns_the_map
recargar_como_cicla_y_marca_forzado	reload_as_cycles_and_marks_forced
recargar_como_vence_al_bom	reload_as_overrides_the_bom
recargar_la_config_reemplaza_los_favoritos_del_sidebar	reloading_the_config_replaces_the_sidebars_favorites
recordar_vacio_es_error_y_no_pasa_como_secreto	remembering_empty_is_an_error_and_does_not_pass_as_a_secret
redimensionar_con_la_alterna_puesta_no_pierde_lo_de_abajo	resizing_with_the_alt_screen_on_does_not_lose_what_is_below
redimensionar_conserva_lo_que_cabe	resizing_preserves_what_fits
refreshed_a_medias_conserva_el_fill_del_pane_no_relistado	a_partial_refresh_preserves_the_unrelisted_panes_fill
refreshed_de_ambos_paneles_suelta_los_dos_huecos	a_refresh_of_both_panes_releases_both_slots
refreshed_vacio_no_toca_nada	an_empty_refresh_touches_nothing
reinterpretar_nombres_pinta_legible_con_badge_e_indicador	reinterpreting_names_paints_it_readable_with_a_badge_and_indicator
rename_dentro_de_su_subarbol_se_rechaza	renaming_into_its_own_subtree_is_rejected
rename_dir_con_listado_hostil_no_muta_nada	renaming_a_dir_with_a_hostile_listing_mutates_nothing
rep_repite_el_ultimo	rep_repeats_the_last_one
replaced_de_otro_pane_no_toca	a_replaced_from_another_pane_does_not_touch_it
request_scope_devuelve_id_y_hint_humano	request_scope_returns_id_and_a_human_hint
require_contra_servidor_sin_tls_falla	require_against_a_server_without_tls_fails
require_rechaza_cert_desconocido	require_rejects_an_unknown_cert
reset_limpia_el_contador	reset_clears_the_counter
reset_rompe_la_secuencia_pendiente	reset_breaks_the_pending_sequence
restaurar_la_sesion_no_puede_colgar_el_arranque	restoring_the_session_cannot_hang_startup
restaurar_una_sesion_no_apaga_la_fila_de_subir	restoring_a_session_does_not_turn_off_the_parent_row
retroceder_sobre_un_escape_borra_la_letra_entera	backspacing_over_an_escape_erases_the_whole_character
revelar_activa_la_pestana_del_hueco	revealing_activates_the_slots_tab
revelar_conserva_medidas_y_los_grupos_ajenos	revealing_preserves_sizes_and_unrelated_groups
revelar_lo_que_ya_se_ve_no_cambia_el_arbol	revealing_what_is_already_visible_does_not_change_the_tree
rewatch_a_menos_dirs_actualiza_el_conjunto	rewatch_with_fewer_dirs_updates_the_set
run_cerrado_mata_bindings_stasheados	run_closed_kills_stashed_bindings
ruta_por_defecto_y_override	default_path_and_override
s3_bucket_invalido_se_rechaza	an_invalid_s3_bucket_is_rejected
salir_funciona_con_el_teclado_dentro_de_un_panel_lateral	exiting_works_with_the_keyboard_inside_a_side_panel
scheme_ajeno_se_rechaza	a_foreign_scheme_is_rejected
scheme_invalido_con_password_inline_no_eco	an_invalid_scheme_with_an_inline_password_is_not_echoed
scroll_del_plan_clampa_en_ambos_extremos	the_plans_scroll_clamps_at_both_ends
se_salta_lo_que_no_es_una_linea_de_sumas_y_cuenta_lo_que_lo_parecia	it_skips_what_is_not_a_checksum_line_and_counts_what_looked_like_one
secreto_vacio_es_error_y_no_pasa_como_secreto	an_empty_secret_is_an_error_and_does_not_pass_as_a_secret
secreto_vacio_nombra_el_origen_y_los_espacios_pasan	an_empty_secret_names_the_source_and_spaces_pass
seguir_a_la_propia_raiz_no_tira_nada	following_to_its_own_root_drops_nothing
seguir_a_otro_provider_reancla	following_to_another_provider_re_anchors
seguir_a_un_hermano_sube_al_ancestro_comun_una_vez	following_a_sibling_rises_to_the_common_ancestor_once
seguir_dos_veces_al_mismo_sitio_no_toca_el_cursor	following_twice_to_the_same_place_does_not_touch_the_cursor
seguir_hacia_arriba_sube_la_raiz_sin_vaciar	following_upward_raises_the_root_without_emptying_it
seguir_revela_la_rama_y_conserva_lo_abierto	following_reveals_the_branch_and_preserves_what_is_open
seguir_una_rama_sin_listar_espera_a_que_llegue	following_an_unlisted_branch_waits_for_it_to_arrive
selected_devuelve_la_entrada_bajo_el_cursor	selected_returns_the_entry_under_the_cursor
semantic_hits_confirma_como_decision_y_cursor_es_inerte	semantic_hits_confirms_as_a_decision_and_the_cursor_is_inert
semantic_query_modal_edita_y_confirma	semantic_query_modal_edits_and_confirms
semantic_query_vacia_no_confirma	an_empty_semantic_query_does_not_confirm
sesion_ilegal_rechazada_en_connect	an_illegal_session_is_rejected_in_connect
set_drives_sustituye_no_fusiona	set_drives_replaces_it_does_not_merge
si_el_escritor_se_muere_la_pantalla_se_entera	if_the_writer_dies_the_screen_finds_out
si_el_padre_tampoco_basta_se_numera_hasta_encontrar_hueco	if_the_parent_is_not_enough_either_it_numbers_until_it_finds_room
si_los_fijos_no_caben_se_recortan_y_los_pesos_se_quedan_sin_nada	if_the_fixed_ones_do_not_fit_they_are_trimmed_and_the_weighted_ones_get_nothing
si_muere_el_hueco_seguido_se_degrada_al_activo_y_lo_dice	if_the_followed_slot_dies_it_degrades_to_active_and_says_so
sin_barra_de_menus_la_de_paneles_se_muda_a_la_fila_cero	without_a_menu_bar_the_panes_bar_moves_to_row_zero
sin_barras_fijadas_un_click_arriba_no_abre_nada	without_pinned_bars_a_click_above_opens_nothing
sin_conexiones_configuradas_el_selector_lo_dice	with_no_connections_configured_the_selector_says_so
sin_configuracion_quedan_las_de_fabrica	without_configuration_the_factory_ones_remain
sin_daemon_no_se_sondea_ni_se_nombra_a_nadie	without_a_daemon_nothing_is_polled_nor_is_anyone_named
sin_el_flag_del_preset_un_digito_es_una_tecla	without_the_presets_flag_a_digit_is_a_key
sin_escritorio_detras_copiar_se_rehusa	without_a_desktop_behind_it_copying_is_refused
sin_fichero_ni_preset_manda_el_error_del_fichero	with_neither_file_nor_preset_the_files_error_wins
sin_foco_el_aviso_sale_y_lleva_el_nombre	without_focus_the_notice_appears_and_carries_the_name
sin_grupo_los_comandos_de_pestana_lo_dicen	without_a_group_tab_commands_say_so
sin_los_bytes_un_nombre_honesto_con_reemplazo_sale_marcado_de_mas	without_the_bytes_an_honest_name_with_a_replacement_gets_over_flagged
sin_marcas_es_uno_de_cada_panel	with_no_marks_it_is_one_from_each_pane
sin_nada_enfocable_no_hay_foco	with_nothing_focusable_there_is_no_focus
sin_otro_hueco_el_destino_se_pregunta_fuera	with_no_other_slot_the_destination_is_asked_outside
sin_papelera_el_borrado_avisa_de_que_no_hay_vuelta	without_a_trash_deletion_warns_there_is_no_going_back
sin_perfil_el_destino_sigue_siendo_el_usuario	without_a_profile_the_destination_is_still_the_user
sin_perfil_la_clave_sigue_siendo_default	without_a_profile_the_key_is_still_default
sin_visor_no_hay_nada_que_soltar	without_a_viewer_there_is_nothing_to_drop
sincronizar_dos_veces_no_duplica_al_huerfano	syncing_twice_does_not_duplicate_the_orphan
sincronizar_el_mismo_directorio_no_encola_nada	syncing_the_same_directory_queues_nothing
slot_ids_recorre_tambien_las_pestanas_ocultas	slot_ids_also_walks_hidden_tabs
snapshot_ayuda_cuerpo_con_foco	snapshot_help_body_with_focus
snapshot_ayuda_filtro_hostil	snapshot_help_hostile_filter
snapshot_ayuda_pagina_de_plugin_hostil	snapshot_help_hostile_plugin_page
snapshot_columna_de_iconos_a_la_izquierda_del_nombre	snapshot_icon_column_to_the_left_of_the_name
snapshot_decoracion_de_plugin_badge_hostil_enmascarado	snapshot_plugin_decoration_masked_hostile_badge
snapshot_extensions_ficha_con_ajustes_80x24	snapshot_extensions_card_with_settings_80x24
snapshot_modal_papelera_y_permanente	snapshot_modal_trash_and_permanent
snapshot_modal_pinta_encima_de_la_palette	snapshot_modal_paints_over_the_palette
snapshot_modal_pinta_encima_del_overlay_de_ajustes	snapshot_modal_paints_over_the_settings_overlay
snapshot_palette_fila_de_plugin_hostil	snapshot_palette_hostile_plugin_row
sobre_la_fila_de_subir_el_visor_dice_directorio	over_the_parent_row_the_viewer_says_directory
sobre_la_fila_de_subir_la_hoja_la_describe	over_the_parent_row_the_sheet_describes_it
sobre_una_unidad_el_cursor_ya_no_esta_en_una_cabecera	over_a_drive_the_cursor_is_no_longer_on_a_header
solo_se_aparta_el_cromo_del_eje_que_falta	only_the_chrome_of_the_missing_axis_is_set_aside
solo_vim_trae_los_contadores_encendidos	only_vim_ships_with_counters_turned_on
soltar_confirmado_copia_y_respeta_las_marcas	a_confirmed_drop_copies_and_respects_the_marks
soltar_en_el_panel_de_origen_no_somete_nada	dropping_on_the_source_pane_submits_nothing
soltar_junto_a_un_fijo_entra_como_hermano	dropping_next_to_a_fixed_one_enters_as_a_sibling
soltar_junto_a_una_pestana_parte_su_grupo	dropping_next_to_a_tab_splits_its_group
soltar_lo_que_no_es_ruta_se_dice	dropping_something_that_is_not_a_path_is_reported
soltar_pregunta_antes_de_copiar	dropping_asks_before_copying
soltar_y_tomar_la_sesion_no_dejan_mensaje	dropping_and_taking_the_session_leave_no_message
sort_junta_las_variantes_de_normalizacion	sort_groups_normalization_variants_together
sort_pone_dirs_primero_y_por_bytes	sort_puts_dirs_first_and_by_bytes
spelling_twins_referencian_ids_reales_y_distintos	spelling_twins_reference_real_and_distinct_ids
store_in_age_rechaza_el_vacio	store_in_age_rejects_the_empty_one
subir_desde_el_final_acaba_arrastrando_la_ventana	dragging_up_from_the_end_ends_up_dragging_the_window
subir_el_anillo_del_daemon_se_anuncia_tambien_en_mezcla	raising_the_daemons_ring_is_announced_in_the_mix_too
subir_el_nivel_se_lo_pide_tambien_al_daemon	raising_the_level_also_asks_the_daemon
substitute_auto_toma_el_eje_del_corte	substitute_auto_takes_the_cuts_axis
sync_plan_con_limit_bajo_trunca_y_no_trae_lo_que_no_supo	sync_plan_with_a_low_limit_truncates_and_does_not_bring_what_it_could_not_know
sync_plan_devuelve_los_pasos_y_no_aplica_nada	sync_plan_returns_the_steps_and_applies_nothing
tab_alterna_el_foco_entre_los_dos_panes	tab_toggles_focus_between_the_two_panes
tab_devuelve_el_teclado_sin_cerrar_el_panel	tab_returns_the_keyboard_without_closing_the_panel
tab_sigue_siendo_libre_en_el_contexto_de_dialogo	tab_is_still_free_in_the_dialog_context
tab_tampoco_puede_abrir_una_secuencia	tab_cannot_open_a_sequence_either
tar_nombre_largo_panica	tar_long_name_panics
tasks_es_unico_y_no_toma_foco	tasks_is_unique_and_does_not_take_focus
tasks_se_pinta_pero_no_se_tabula	tasks_is_painted_but_not_tabbed_to
tecleando_un_valor_las_letras_son_letras	while_typing_a_value_letters_are_letters
texto_del_corpus_se_ve_decodificado	corpus_text_is_shown_decoded
toda_accion_que_el_renderer_envia_la_entiende_el_host	every_action_the_renderer_sends_the_host_understands
toda_cabecera_de_grupo_de_la_ayuda_tiene_etiqueta_traducida	every_help_group_header_has_a_translated_label
todas_las_filas_terminales_no_es_activa	all_terminal_rows_it_is_not_active
todo_comando_del_vocabulario_esta_documentado	every_command_in_the_vocabulary_is_documented
todo_comando_tiene_ayuda_traducida	every_command_has_translated_help
todo_dialog_command_tiene_etiqueta_traducida	every_dialog_command_has_a_translated_label
todo_lo_colocado_cumple_su_minimo	everything_placed_meets_its_minimum
todo_planned_tiene_motivo_e_issue	every_planned_one_has_a_reason_and_an_issue
todo_preset_alcanza_las_superficies_propias_de_norte	every_preset_reaches_nortes_own_surfaces
tofu_desconocida_trust_y_conexion	unknown_tofu_trust_and_connect
tofu_va_uno_a_uno_al_proto	tofu_maps_one_to_one_to_the_proto
toml_roto_nombra_el_archivo	a_broken_toml_names_the_file
tormenta_sostenida_respeta_el_suelo	a_sustained_storm_respects_the_floor
travesia_compone_con_normalizacion_insensible	traversal_composes_with_insensitive_normalization
truecolor_pinta_el_dir_con_el_azul_del_tema	truecolor_paints_the_dir_with_the_themes_blue
trust_sobre_clave_registrada_distinta_es_error	trust_over_a_different_registered_key_is_an_error
un_active_fuera_de_rango_se_clampa_con_diagnostico	an_out_of_range_active_is_clamped_with_a_diagnostic
un_ancho_impar_no_pierde_una_columna	an_odd_width_does_not_lose_a_column
un_ancla_que_no_existe_deja_el_arbol_intacto	an_anchor_that_does_not_exist_leaves_the_tree_intact
un_apply_de_resultado_desconocido_no_se_reofrece	an_apply_of_an_unknown_result_is_not_reoffered
un_arbol_sano_valida	a_healthy_tree_validates
un_arbol_sin_listado_no_es_una_disposicion	a_tree_without_a_listing_is_not_a_layout
un_arrastre_cancelado_restituye_las_marcas	a_canceled_drag_restores_the_marks
un_arrastre_marca_lo_que_barre	a_drag_marks_what_it_sweeps
un_arrastre_promovido_lleva_su_fila_y_devuelve_lo_que_barrio	a_promoted_drag_carries_its_row_and_returns_what_it_swept
un_auto_sin_sustituir_cuenta_como_cero	an_unsubstituted_auto_counts_as_zero
un_binding_no_disponible_si_bloquea_el_prefijo	an_unavailable_binding_still_blocks_the_prefix
un_binding_no_disponible_sigue_contando_para_prefix_free	an_unavailable_binding_still_counts_toward_prefix_free
un_binding_no_disponible_sigue_ensombreciendo	an_unavailable_binding_still_shadows
un_bom_utf8_no_se_lleva_la_primera_linea	a_utf8_bom_does_not_take_the_first_line_with_it
un_caracter_ancho_en_una_rejilla_de_una_columna_no_saca_el_cursor	a_wide_character_in_a_one_column_grid_does_not_push_the_cursor_out
un_caracter_ancho_ocupa_dos_celdas	a_wide_character_occupies_two_cells
un_caracter_multibyte_viaja_entero	a_multibyte_character_travels_whole
un_clic_en_el_borde_de_una_columna_no_guarda_nada	a_click_on_a_columns_border_saves_nothing
un_clic_en_una_pestana_la_pone_delante	a_click_on_a_tab_brings_it_to_front
un_click_antes_y_otro_despues_de_un_cd_no_son_un_doble_click	a_click_before_and_another_after_a_cd_are_not_a_double_click
un_click_con_modificador_no_es_la_primera_mitad_de_un_doble	a_click_with_a_modifier_is_not_the_first_half_of_a_double
un_click_en_el_hueco_de_la_barra_no_hace_nada	a_click_on_the_bars_gap_does_nothing
un_click_en_la_barra_de_menu_la_abre	a_click_on_the_menu_bar_opens_it
un_click_en_la_primera_fila_resuelve_la_primera_entrada	a_click_on_the_first_row_resolves_the_first_entry
un_click_en_la_ultima_entrada_resuelve_esa_y_no_otra	a_click_on_the_last_entry_resolves_that_one_and_no_other
un_click_en_un_listado_trae_el_teclado_desde_el_sidebar	a_click_on_a_listing_brings_the_keyboard_from_the_sidebar
un_click_enfoca_ese_pane_y_mueve_el_cursor	a_click_focuses_that_pane_and_moves_the_cursor
un_click_fuera_de_los_dos_panes_no_resuelve_nada	a_click_outside_both_panes_resolves_nothing
un_click_limpio_cierra_el_quick_search_sobre_la_fila_pulsada	a_clean_click_closes_quick_search_on_the_clicked_row
un_click_sobre_un_listado_desplazado_suma_el_scroll	a_click_on_a_scrolled_listing_adds_in_the_scroll
un_comando_ajeno_sobrevive_venga_del_preset_o_de_una_capa	a_foreign_command_survives_whether_it_comes_from_the_preset_or_a_layer
un_comando_live_que_este_frontend_no_implementa_es_not_here	a_live_command_this_frontend_does_not_implement_is_not_here
un_contador_llega_con_el_comando	a_counter_arrives_with_the_command
un_contador_sobre_un_comando_sin_contador_no_se_traga	a_counter_on_a_command_without_a_counter_is_not_swallowed
un_contenido_grande_se_trocea	large_content_is_chunked
un_corchete_que_no_es_codigo_es_literal	a_bracket_that_is_not_code_is_literal
un_corte_vertical_reparte_el_alto	a_vertical_cut_divides_the_height
un_ctrl_l_no_apaga_el_seguimiento	a_ctrl_l_does_not_turn_off_tailing
un_cuerpo_corrupto_deja_la_pantalla_de_la_config	a_corrupt_body_leaves_the_config_screen
un_cuerpo_del_futuro_deja_la_ventana_suelta	a_body_from_the_future_leaves_the_window_detached
un_daemon_sin_registro_deja_de_sondearse_y_un_fallo_no	a_daemon_without_a_log_stops_being_polled_and_a_failure_does_not
un_daemon_sin_registro_lo_dice_la_etiqueta_de_la_fuente	a_daemon_without_a_log_is_shown_by_the_source_label
un_delegado_real_lista_lo_que_forjamos	a_real_delegate_lists_what_we_forged
un_destino_con_una_flecha_no_simula_dos_rutas	a_destination_with_one_arrow_does_not_fake_two_paths
un_destino_de_solo_lectura_lo_dice_al_encolar	a_read_only_destination_says_so_when_queuing
un_destino_designado_a_mano_sobrevive_a_la_reconciliacion	a_hand_designated_destination_survives_reconciliation
un_destino_que_cabe_y_confina_no_dice_nada	a_destination_that_fits_and_stays_confined_says_nothing
un_destino_que_nadie_pidio_no_hace_nada	a_destination_nobody_asked_for_does_nothing
un_destino_que_no_es_una_direccion_deja_el_prompt_abierto	a_destination_that_is_not_an_address_leaves_the_prompt_open
un_destino_que_se_oculta_se_reubica	a_destination_that_hides_gets_relocated
un_destino_sin_carpeta_va_en_la_raiz	a_destination_without_a_folder_goes_at_the_root
un_digito_a_mitad_de_secuencia_es_una_tecla	a_digit_mid_sequence_is_a_key
un_digito_a_mitad_de_secuencia_sigue_siendo_ligable_con_contadores	a_digit_mid_sequence_is_still_bindable_with_counters
un_digito_con_modificador_no_es_un_contador	a_digit_with_a_modifier_is_not_a_counter
un_digito_ligado_con_contadores_es_error_de_carga	a_digit_bound_with_counters_is_a_load_error
un_digito_no_ascii_es_una_tecla_normal_en_los_dos_caminos	a_non_ascii_digit_is_a_normal_key_on_both_paths
un_directorio_bajo_el_cursor_no_se_lee	a_directory_under_the_cursor_is_not_read
un_directorio_de_plugin_no_utf8_llega_marcado_y_sin_falso_positivo	a_non_utf8_plugin_directory_arrives_flagged_and_without_a_false_positive
un_directorio_explicito_gana_a_la_sesion_en_el_panel_activo	an_explicit_directory_wins_over_the_session_in_the_active_pane
un_directorio_que_no_existe_se_dice_pronto	a_directory_that_does_not_exist_is_reported_early
un_drop_abre_el_mismo_modal_que_la_tecla_de_copiar	a_drop_opens_the_same_modal_as_the_copy_key
un_escape_partido_entre_dos_trozos_se_reconoce	an_escape_split_across_two_chunks_is_recognized
un_espejo_archiva_los_dos_rellenos	a_mirror_archives_both_fills
un_favorito_roto_sale_en_la_lista_y_no_navega	a_broken_favorite_shows_in_the_list_and_does_not_navigate
un_fichero_del_usuario_gana_al_preset_del_mismo_nombre	a_user_file_wins_over_the_preset_of_the_same_name
un_fichero_roto_avisa_y_cae_al_preset	a_broken_file_warns_and_falls_back_to_the_preset
un_fichero_roto_cae_al_preset_avisando	a_broken_file_falls_back_to_the_preset_with_a_warning
un_fichero_utf16_se_reconoce_como_tal	a_utf16_file_is_recognized_as_such
un_fijo_por_debajo_del_minimo_de_su_kind_se_respeta	a_fixed_size_below_its_kinds_minimum_is_respected
un_fijo_que_es_un_listado_no_es_cromo	a_fixed_slot_that_is_a_listing_is_not_chrome
un_fijo_se_lleva_lo_suyo_y_los_pesos_el_resto	a_fixed_one_takes_its_share_and_the_weighted_ones_take_the_rest
un_foco_que_ya_no_se_ve_cae_al_primer_visible	a_focus_that_is_no_longer_visible_falls_back_to_the_first_visible
un_follow_a_un_hueco_que_no_existe_degrada_a_active	a_follow_to_a_slot_that_does_not_exist_degrades_to_active
un_follow_al_rol_active_sigue_al_foco	a_follow_to_the_active_role_follows_focus
un_formato_que_kitty_no_coloca_no_manda_a_aprobar_nada	a_format_kitty_cannot_place_does_not_send_anything_for_approval
un_frame_normal_no_caduca_el_gesto	a_normal_frame_does_not_expire_the_gesture
un_gobierno_fallido_vuelve_a_preguntar_al_core	a_failed_governance_check_asks_the_core_again
un_help_md_recortado_sale_como_hallazgo	a_truncated_help_md_comes_out_as_a_finding
un_hijo_fijo_no_baja_de_dos_ni_pasa_de_cien	a_fixed_child_does_not_go_below_two_nor_above_a_hundred
un_hijo_fijo_se_mueve_en_celdas	a_fixed_child_moves_in_cells
un_hijo_ponderado_no_cambia_de_comportamiento	a_weighted_child_does_not_change_behavior
un_hueco_huerfano_del_almacen_se_conserva_en_vez_de_readoptarse	an_orphan_slot_from_the_store_is_preserved_instead_of_being_readopted
un_hueco_oculto_afectado_queda_para_recargar	an_affected_hidden_slot_is_left_to_reload
un_hueco_que_el_layout_no_tiene_no_rompe_la_aplicacion	a_slot_the_layout_does_not_have_does_not_break_the_app
un_hueco_que_espera_dice_a_donde_va	a_waiting_slot_says_where_it_is_going
un_hueco_que_pide_secreto_al_restaurar_lo_dice_y_no_finge_vacio	a_slot_that_asks_for_a_secret_on_restore_says_so_and_does_not_fake_empty
un_hueco_ya_sembrado_no_se_vuelve_a_sembrar	an_already_seeded_slot_is_not_seeded_again
un_informe_a_medias_no_abre_veredicto	a_partial_report_does_not_open_a_verdict
un_intercambio_de_panes_a_mitad_de_un_arrastre_se_lleva_el_gesto	swapping_panes_mid_drag_carries_the_gesture_along
un_intercambio_no_cosecha_la_busqueda_viva	a_swap_does_not_harvest_the_live_search
un_kind_desconocido_conserva_sus_params	an_unknown_kind_preserves_its_params
un_kind_desconocido_se_coloca_pero_no_toma_foco	an_unknown_kind_is_placed_but_does_not_take_focus
un_kind_desconocido_viaja_en_el_layout	an_unknown_kind_travels_in_the_layout
un_kind_exigente_no_vacia_la_pantalla_de_cromo	a_demanding_kind_does_not_empty_the_screen_of_chrome
un_kind_fuera_del_registro_no_es_un_error	a_kind_outside_the_registry_is_not_an_error
un_layout_escrito_se_vuelve_a_leer	a_written_layout_is_read_back
un_layout_incoherente_no_llega_a_pintarse	an_incoherent_layout_never_gets_painted
un_layout_que_no_esta_lo_dice_por_su_nombre	a_missing_layout_is_reported_by_its_name
un_layout_que_trae_el_sidebar_lo_arranca_con_los_favoritos	a_layout_that_brings_the_sidebar_starts_it_with_the_favorites
un_layout_sin_listado_no_llega_a_aplicarse	a_layout_without_a_listing_never_gets_applied
un_listado_adoptado_llega_con_la_fila_de_subir	an_adopted_listing_arrives_with_the_parent_row
un_listado_en_una_pestana_oculta_cuenta	a_listing_in_a_hidden_tab_counts
un_listado_vacio_dice_que_no_hay_nada	an_empty_listing_says_there_is_nothing
un_lote_por_encima_del_tope_se_rechaza_entero	a_batch_above_the_cap_is_rejected_whole
un_lote_recortado_lo_dice	a_trimmed_batch_says_so
un_menu_abierto_es_dueno_del_teclado	an_open_menu_owns_the_keyboard
un_modal_abierto_a_mitad_de_un_arrastre_se_lleva_el_gesto	a_modal_opened_mid_drag_carries_the_gesture_along
un_modal_se_pinta_sobre_el_viewer	a_modal_paints_over_the_viewer
un_modo_de_carpetas_invalido_no_se_traga	an_invalid_folder_mode_is_not_swallowed
un_modo_invalido_no_cambia_nada	an_invalid_mode_changes_nothing
un_movimiento_enorme_no_desborda	a_huge_movement_does_not_overflow
un_nombre_con_directorio_se_juzga_contra_su_propia_ruta	a_name_with_a_directory_is_judged_against_its_own_path
un_nombre_con_ruta_dentro_se_rechaza	a_name_with_a_path_inside_it_is_rejected
un_nombre_con_salto_de_linea_no_inyecta_una_entrada	a_name_with_a_newline_does_not_inject_an_entry
un_nombre_de_layout_que_no_es_utf8_se_busca_igual	a_non_utf8_layout_name_is_looked_up_all_the_same
un_nombre_desconocido_no_cambia_el_arbol	an_unknown_name_does_not_change_the_tree
un_nombre_fuera_del_catalogo_sigue_siendo_error	a_name_outside_the_catalogue_is_still_an_error
un_nombre_inventado_falla_en_la_orden_y_cae_en_la_config	a_made_up_name_fails_on_the_command_line_and_falls_back_to_config
un_nombre_no_utf8_llega_entero	a_non_utf8_name_arrives_whole
un_nombre_que_no_es_utf8_ni_se_pierde_ni_se_confunde	a_non_utf8_name_is_neither_lost_nor_confused
un_nombre_que_no_es_utf8_sobrevive	a_non_utf8_name_survives
un_nombre_que_solo_difiere_en_mayusculas_no_es_el_mismo_fichero	a_name_that_only_differs_in_case_is_not_the_same_file
un_objetivo_que_no_va_a_llegar_se_suelta	a_target_that_will_never_arrive_is_released
un_orden_inesperado_sigue_siendo_fail_closed	an_unexpected_order_is_still_fail_closed
un_osc_no_pinta_nada	an_osc_paints_nothing
un_panel_cerrado_no_se_pinta_como_un_bloque_encendido	a_closed_panel_is_not_painted_as_a_lit_block
un_panel_de_plugin_no_tiene_boton_en_la_barra	a_plugin_panel_has_no_button_in_the_bar
un_panel_detras_de_una_pestana_no_se_sondea	a_panel_behind_a_tab_is_not_polled
un_perfil_explicito_gana_al_pegajoso	an_explicit_profile_wins_over_the_sticky_one
un_perfil_que_no_carga_deja_todo_como_estaba	a_profile_that_fails_to_load_leaves_everything_as_it_was
un_perfil_que_no_existe_no_arranca	a_profile_that_does_not_exist_does_not_start
un_peso_de_cero_se_sube_a_uno_con_diagnostico	a_weight_of_zero_is_raised_to_one_with_a_diagnostic
un_peso_no_baja_de_su_minimo_si_hay_sitio	a_weight_does_not_go_below_its_minimum_if_there_is_room
un_peso_que_entra_se_mide_contra_sus_hermanos	an_incoming_weight_is_measured_against_its_siblings
un_plan_con_bloqueos_no_se_aprueba	a_plan_with_blockers_is_not_approved
un_plan_que_borra_pregunta_dos_veces	a_plan_that_deletes_asks_twice
un_plan_que_el_daemon_rechaza_no_deja_nada_pendiente	a_plan_the_daemon_rejects_leaves_nothing_pending
un_prefijo_de_unidad_no_es_un_nombre	a_drive_prefix_is_not_a_name
un_preset_completo_siembra_el_estado_de_cada_hueco	a_complete_preset_seeds_every_slots_state
un_preset_de_fabrica_se_aplica_sin_fichero_ninguno	a_factory_preset_applies_with_no_file_at_all
un_preset_sigue_yendo_por_su_nombre	a_preset_is_still_looked_up_by_its_name
un_previewer_de_plugin_no_esconde_que_los_bytes_son_imagen	a_plugin_previewer_does_not_hide_that_the_bytes_are_an_image
un_punto_o_un_espacio_al_final_no_es_un_nombre	a_trailing_dot_or_space_is_not_a_name
un_refresco_no_pisa_una_navegacion_en_vuelo	a_refresh_does_not_stomp_on_an_in_flight_navigation
un_release_que_se_comio_otro_pump_no_deja_el_gesto_armado	a_release_that_swallowed_another_pump_does_not_leave_the_gesture_armed
un_renamer_que_rehusa_dice_por_que_en_la_barra	a_renamer_that_refuses_says_why_in_the_bar
un_run_hostil_es_error_de_carga_jamas_una_indisponibilidad	a_hostile_run_is_a_load_error_never_an_unavailability
un_selector_cancelado_viaja_como_null	a_canceled_selector_travels_as_null
un_sobre_futuro_no_se_interpreta	a_future_envelope_is_not_interpreted
un_split_que_no_cabe_colapsa_a_pestanas_sin_tocar_el_arbol	a_split_that_does_not_fit_collapses_to_tabs_without_touching_the_tree
un_subshell_vive_entre_dos_ordenes	a_subshell_lives_between_two_commands
un_tema_que_no_carga_deja_el_de_fabrica	a_theme_that_fails_to_load_leaves_the_factory_one
un_volumen_que_no_contesta_no_inventa_una_alarma	a_volume_that_does_not_answer_does_not_invent_an_alarm
un_volumen_sin_espacio_conserva_el_none	a_volume_without_space_preserves_the_none
una_accion_desconocida_se_rechaza	an_unknown_action_is_rejected
una_capa_de_usuario_no_puede_encender_los_contadores	a_user_layer_cannot_turn_on_the_counters
una_capa_de_usuario_rebindea_dialog_y_dialog_action_lo_obedece	a_user_layer_rebinds_dialog_and_dialog_action_obeys_it
una_capa_de_usuario_tampoco_puede_tomar_tab	a_user_layer_cannot_take_tab_either
una_carpeta_bajo_una_nueva_nunca_es_existente	a_folder_under_a_new_one_is_never_existing
una_carpeta_manda_a_comparar_directorios	a_folder_sends_to_compare_directories
una_carpeta_que_ya_existe_no_se_pinta_como_nueva	a_folder_that_already_exists_is_not_painted_as_new
una_clave_rsa_de_1024_se_rechaza_aunque_allow_rsa_este_puesto	a_1024_bit_rsa_key_is_rejected_even_with_allow_rsa_set
una_colision_llega_al_tablero_como_fallo	a_collision_arrives_at_the_board_as_a_failure
una_comparacion_cancelada_por_un_tercero_no_finge_estar_completa	a_comparison_canceled_by_a_third_party_does_not_pretend_to_be_complete
una_conexion_ilegible_no_esconde_a_las_demas_en_la_ventana	an_unreadable_connection_does_not_hide_the_others_in_the_window
una_copia_en_marcha_se_cancela	a_copy_in_progress_can_be_canceled
una_copia_que_choca_se_puede_reintentar_con_otra_politica	a_copy_that_collides_can_be_retried_with_another_policy
una_copia_que_nace_terminal_tambien_relista	a_copy_born_terminal_also_relists
una_disposicion_sin_el_panel_devuelve_el_teclado	a_layout_without_the_panel_returns_the_keyboard
una_etiqueta_no_utf8_sobrevive_como_bytes	a_non_utf8_label_survives_as_bytes
una_fila_en_vuelo_es_activa	an_in_flight_row_is_active
una_fuente_ya_filtrada_no_se_vuelve_a_filtrar	an_already_filtered_source_is_not_filtered_again
una_hoja_oculta_no_produce_objetivo	a_hidden_sheet_produces_no_target
una_lectura_denegada_pinta_el_motivo_y_no_abre_modal	a_denied_read_paints_the_reason_and_does_not_open_a_modal
una_lectura_no_cuenta_como_cambio	a_read_does_not_count_as_a_change
una_linea_a_medias_no_se_ejecuta	a_half_typed_line_is_not_executed
una_linea_que_no_se_entendio_impide_cantar_verde	a_line_that_was_not_understood_prevents_calling_it_green
una_miniatura_jpeg_se_descarta	a_jpeg_thumbnail_is_discarded
una_miniatura_png_se_coloca	a_png_thumbnail_is_placed
una_miniatura_webp_se_descarta	a_webp_thumbnail_is_discarded
una_pestana_inactiva_va_a_hidden_no_a_placements	an_inactive_tab_goes_to_hidden_not_to_placements
una_pestana_nueva_entra_en_el_grupo_mas_interior	a_new_tab_enters_the_innermost_group
una_pestana_nueva_nace_llena_y_en_el_mismo_sitio	a_new_tab_is_born_full_and_in_the_same_place
una_pestana_oculta_conserva_lo_suyo	a_hidden_tab_keeps_its_own
una_peticion_nueva_repinta_el_panel_y_no_mueve_la_seleccion	a_new_request_repaints_the_panel_and_does_not_move_the_selection
una_plantilla_imposible_se_rechaza_antes_de_pedir_plan	an_impossible_template_is_rejected_before_requesting_a_plan
una_rama_de_otra_pintada_no_navega	a_branch_from_another_painted_one_does_not_navigate
una_respuesta_vieja_no_pisa_el_marco_de_ahora	an_old_response_does_not_stomp_on_the_current_frame
una_ruta_larga_no_desborda_la_fila	a_long_path_does_not_overflow_the_row
una_ruta_que_no_es_local_no_se_abre	a_path_that_is_not_local_does_not_open
una_ruta_tecleada_que_no_parsea_se_dice	a_typed_path_that_does_not_parse_is_reported
una_seccion_asincrona_se_sustituye_no_se_acumula	an_async_section_replaces_it_does_not_accumulate
una_seccion_que_llega_tarde_no_mueve_el_cursor	a_section_that_arrives_late_does_not_move_the_cursor
una_seccion_vacia_no_pinta_cabecera	an_empty_section_paints_no_header
una_siembra_bajo_el_root_no_revienta_el_listado	seeding_under_the_root_does_not_blow_up_the_listing
una_sugerencia_ocupada_se_cualifica_con_el_padre	a_taken_suggestion_is_qualified_with_the_parent
una_tecla_no_disponible_resuelve_a_unavailable	an_unavailable_key_resolves_to_unavailable
una_tecla_reatada_contesta_el_dialogo	a_rebound_key_answers_the_dialog
una_tecla_sin_binding_limpia_el_contador	a_key_without_a_binding_clears_the_counter
una_tool_abandonada_cancela_el_walk_del_daemon	an_abandoned_tool_cancels_the_daemons_walk
una_ventana_suelta_no_escribe_y_vuelve_a_preguntar	a_detached_window_does_not_write_and_asks_again
una_zona_no_puede_nombrar_un_comando_fuera_de_su_alcance	a_zone_cannot_name_a_command_outside_its_scope
undock_es_close_slot_y_devuelve_el_arbol_de_antes	undock_is_close_slot_and_returns_the_previous_tree
vaciar_conserva_el_punto_de_salto_y_el_tope	clearing_preserves_the_jump_point_and_the_cap
vacio_no_esta_activo	empty_is_not_active
validated_suffix_contiene_lo_hostil	validated_suffix_contains_the_hostile_part
viewer_pinta_indicador_via_plugin_y_sus_lineas	viewer_paints_indicator_via_plugin_and_its_lines
viewer_preview_lossy_pinta_el_aviso	viewer_preview_lossy_paints_the_warning
viewer_preview_styled_role_gana_a_fg_y_pinta_del_tema	viewer_preview_styled_role_wins_over_fg_and_paints_from_the_theme
watch_targets_sigue_a_los_panes_tras_el_intercambio	watch_targets_follows_the_panes_after_the_swap
watcher_nativo_detecta_escritura	native_watcher_detects_a_write
whitespace_en_extremos_se_rechaza_no_se_renombra	whitespace_at_the_ends_is_rejected_it_does_not_rename
write_sobre_existente_conflict_al_abrir	write_over_existing_conflicts_on_open
zip_deflate_declara_tamanos_reales	zip_deflate_declares_real_sizes
